MasVnrArea,SaleType_WD,OverallQual,OverallCond,ExterQual_Gd,ExterCond_Fa,BsmtUnfSF,BsmtFinType1_LwQ,LotArea,YearBuilt,BsmtFinSF1,TotRmsAbvGrd,GarageCars,GarageArea,SalePrice
196.0,True,7,5,True,False,150,False,8450,2003,706,8,2,548,208500
0.0,True,6,8,False,False,284,False,9600,1976,978,6,2,460,181500
162.0,True,7,5,True,False,434,False,11250,2001,486,6,2,608,223500
0.0,True,7,5,False,False,540,False,9550,1915,216,7,3,642,140000
350.0,True,8,5,True,False,490,False,14260,2000,655,9,3,836,250000
0.0,True,5,5,False,False,64,False,14115,1993,732,5,2,480,143000
186.0,True,8,5,True,False,317,False,10084,2004,1369,7,2,636,307000
240.0,True,7,6,False,False,216,False,10382,1973,859,7,2,484,200000
0.0,True,7,5,False,False,952,False,6120,1931,0,8,2,468,129900
0.0,True,5,6,False,False,140,False,7420,1939,851,5,1,205,118000
0.0,True,5,5,False,False,134,False,11200,1965,906,5,1,384,129500
286.0,False,9,5,False,False,177,False,11924,2005,998,11,3,736,345000
0.0,True,5,6,False,False,175,False,12968,1962,737,4,1,352,144000
306.0,False,7,5,True,False,1494,False,10652,2006,0,7,3,840,279500
212.0,True,6,5,False,False,520,False,10920,1960,733,5,1,352,157000
0.0,True,7,8,False,False,832,False,6120,1929,0,5,2,576,132000
180.0,True,6,7,False,False,426,False,11241,1970,578,5,2,480,149000
0.0,True,4,5,False,False,0,False,10791,1967,0,6,2,516,90000
0.0,True,5,5,False,False,468,False,13695,2004,646,6,2,576,159000
0.0,False,5,6,False,False,525,True,7560,1958,504,6,1,294,139000
380.0,False,8,5,True,False,1158,False,14215,2005,0,9,3,853,325300
0.0,True,7,7,False,False,637,False,7449,1930,0,6,1,280,139400
281.0,True,8,5,True,False,1777,False,9742,2002,0,7,2,534,230000
0.0,True,5,7,False,False,200,False,4224,1976,840,6,2,572,129900
0.0,True,5,8,False,False,204,False,8246,1968,188,6,1,270,154000
640.0,True,8,5,True,False,1566,False,14230,2007,0,7,3,890,256300
0.0,True,5,7,False,False,180,False,7200,1951,234,5,2,576,134800
200.0,True,8,5,True,False,486,False,11478,2007,1218,7,3,772,306000
0.0,True,5,6,False,False,207,False,16321,1957,1277,6,1,319,207500
0.0,True,4,6,False,False,520,False,6324,1927,0,4,1,240,68500
0.0,True,4,4,False,True,649,False,8500,1920,0,6,1,250,40000
0.0,True,5,6,False,False,1228,False,8544,1966,0,6,1,271,149350
0.0,True,8,5,True,False,1234,False,11049,2007,0,7,2,484,179900
0.0,True,5,5,False,False,380,False,10552,1959,1018,6,2,447,165500
246.0,True,9,5,False,False,408,False,7313,2005,1153,6,2,556,277500
132.0,True,8,5,True,False,1117,False,13418,2004,0,9,3,691,309000
0.0,True,5,5,False,False,1097,False,10859,1994,0,6,2,672,145000
650.0,True,5,6,False,False,84,False,8532,1954,1213,5,2,498,153000
0.0,True,5,7,False,False,326,False,7922,1953,731,5,1,246,109000
0.0,True,4,5,False,False,0,False,6040,1955,0,6,0,0,82000
101.0,True,6,5,False,False,445,False,8658,1965,643,6,2,440,160000
0.0,True,5,6,False,False,383,False,16905,1959,967,5,1,308,170000
0.0,True,5,7,False,False,0,False,9180,1983,747,5,2,504,144000
0.0,True,5,6,False,False,167,True,9200,1975,280,5,1,308,130250
0.0,True,5,6,False,False,465,False,7945,1959,179,6,1,300,141000
412.0,True,9,5,False,False,1296,False,7658,2005,456,6,2,576,319900
0.0,True,7,5,True,False,83,False,12822,2003,1351,6,2,670,239686
0.0,True,8,5,True,False,1632,False,11096,2006,24,7,3,826,249700
0.0,False,4,5,False,False,736,False,4456,1920,0,8,0,0,113000
0.0,True,5,7,False,False,192,False,7742,1966,763,6,1,386,127000
0.0,True,6,6,False,False,612,False,13869,1997,182,6,2,388,177000
0.0,True,6,6,False,False,816,False,6240,1934,0,6,2,528,114500
0.0,True,5,5,False,False,0,True,8472,1963,104,5,2,516,110000
0.0,True,9,5,True,False,32,False,50271,1981,1810,5,3,894,385000
0.0,True,5,5,False,False,0,False,7134,1955,384,6,2,572,130000
272.0,True,6,5,False,False,935,False,10175,1964,490,7,2,576,180500
456.0,True,8,5,True,False,321,False,2645,1999,649,7,2,480,172500
0.0,True,7,5,True,False,860,False,11645,2004,0,7,2,565,196500
1031.0,False,10,5,False,False,1410,False,13682,2006,0,10,3,641,438780
0.0,True,5,7,False,False,148,False,7200,1972,632,4,1,352,124900
0.0,False,6,5,False,False,217,False,13072,2004,941,5,2,576,158000
0.0,True,5,7,False,False,530,False,7200,1920,0,6,1,288,101000
178.0,True,8,5,True,False,1346,False,6442,2006,24,6,2,484,202500
0.0,True,7,6,False,False,576,False,10300,1921,0,9,2,480,140000
573.0,True,7,5,False,False,318,False,9375,1997,739,8,2,645,219500
344.0,True,8,5,True,False,1143,False,9591,2004,0,9,3,852,317000
287.0,True,7,5,False,False,1035,False,19900,1970,912,7,2,576,180000
167.0,True,7,5,True,False,440,False,10665,2003,1013,7,2,558,226000
0.0,True,4,6,False,False,747,False,4608,1945,0,4,1,220,80000
0.0,True,7,4,True,False,701,False,15593,1953,603,7,2,667,225000
1115.0,True,7,6,False,False,343,False,13651,1973,1880,8,2,516,244000
0.0,True,4,6,False,False,280,False,7599,1982,565,4,2,360,129500
40.0,True,7,5,False,False,832,False,10141,1998,0,7,2,427,185000
104.0,True,5,7,False,False,404,False,10200,1954,320,6,2,490,144900
0.0,True,3,6,True,False,840,False,5790,1915,0,8,1,379,107400
0.0,True,4,5,False,False,0,False,1596,1973,462,5,1,297,91000
0.0,True,4,7,False,False,724,False,8475,1956,228,4,1,283,135750
0.0,True,5,5,False,False,295,False,8635,1948,336,6,1,240,127000
0.0,True,4,5,False,False,1768,False,10778,1968,0,8,0,0,136500
0.0,True,5,6,False,False,440,False,10440,1910,0,5,2,440,110000
576.0,True,6,6,False,False,448,False,13000,1968,448,8,1,509,193500
443.0,True,6,5,False,False,36,False,4500,1998,1201,5,2,405,153500
468.0,True,8,5,False,False,1530,False,10206,2007,33,6,3,758,245000
66.0,False,5,5,False,False,1065,False,8892,1960,0,6,2,461,126500
22.0,True,7,5,False,False,384,False,8530,1995,0,7,2,400,168500
284.0,True,8,5,True,False,1288,False,16059,1991,0,9,2,462,260000
0.0,True,6,5,True,False,684,False,11911,2005,0,6,2,400,174000
76.0,False,6,5,True,False,612,False,3951,2009,0,4,2,528,164500
0.0,False,3,2,False,True,1013,False,8470,1915,0,6,0,0,85000
0.0,True,4,5,False,False,402,False,8070,1994,588,5,0,0,123600
0.0,True,4,5,False,False,0,False,7200,1950,0,4,2,420,109900
203.0,True,5,3,False,False,635,False,8500,1961,600,6,2,480,98600
0.0,True,5,7,False,False,163,False,13360,1921,713,5,2,432,163500
0.0,True,6,6,False,False,168,False,7200,1910,1046,9,2,506,133900
0.0,True,6,5,False,False,176,False,9337,1997,648,7,2,684,204750
68.0,True,6,8,False,False,370,False,9765,1993,310,6,2,420,185000
183.0,True,7,5,True,False,426,False,10264,1999,1162,6,2,472,214000
48.0,True,4,5,False,False,440,False,10921,1965,520,6,1,432,94750
0.0,False,5,5,False,False,350,False,10625,1920,108,5,1,366,83000
0.0,True,4,5,False,False,381,False,9320,1959,569,6,0,0,128950
28.0,True,6,7,False,False,410,False,10603,1977,1200,6,2,480,205000
336.0,True,6,5,True,False,741,False,9206,1985,0,7,2,476,178000
0.0,True,5,5,False,True,0,False,7018,1979,0,8,2,410,118964
0.0,True,7,5,False,False,1226,False,10402,2009,0,6,3,740,198900
600.0,True,7,4,False,True,816,True,7758,1931,224,7,1,240,169500
768.0,True,8,5,True,False,1053,False,9375,2003,0,9,2,648,250000
0.0,True,4,7,False,False,641,False,10800,1885,0,6,1,273,100000
0.0,True,5,5,False,False,516,False,6000,1948,104,5,1,250,115000
0.0,True,5,7,False,False,793,False,8500,1919,0,7,0,0,115000
480.0,False,6,6,False,False,1139,False,11751,1977,705,7,2,546,190000
0.0,True,6,4,False,False,550,False,9525,1954,444,7,1,325,136900
0.0,True,7,5,False,False,134,False,7750,2000,250,7,2,400,180000
220.0,False,7,5,True,False,280,False,9965,2007,984,10,3,792,383970
184.0,False,6,5,False,False,905,False,21000,1953,35,7,2,450,217000
0.0,True,6,8,False,False,104,False,7259,1945,774,9,1,180,259500
1129.0,True,6,5,False,False,310,False,3230,1999,419,5,2,440,176000
116.0,True,5,5,False,False,252,True,11616,1962,170,6,1,288,139000
0.0,False,5,5,False,False,1125,False,8536,2006,0,5,2,430,155000
0.0,True,7,5,False,False,203,False,12376,1990,1470,11,3,594,320000
0.0,False,6,5,True,False,728,False,8461,2005,0,8,2,390,163990
0.0,True,6,5,False,False,0,False,21453,1969,938,4,2,540,180000
0.0,True,4,5,False,False,732,False,6060,1939,0,4,1,264,100000
135.0,True,6,7,False,False,510,False,9464,1958,570,5,1,288,136000
0.0,True,6,5,True,False,899,False,7892,1993,300,5,2,530,153900
0.0,True,6,5,False,False,1362,False,17043,1979,0,7,2,435,181000
0.0,True,6,8,False,True,30,False,6780,1935,490,5,0,0,84500
0.0,True,6,5,False,False,958,False,4928,1976,120,5,2,440,128000
0.0,True,5,7,False,False,556,True,4388,1930,116,5,0,0,87000
266.0,True,6,5,False,False,148,False,7590,1966,512,6,2,453,155000
85.0,True,5,7,False,False,413,False,8973,1958,567,6,2,750,150000
309.0,True,7,6,False,False,479,False,14200,1966,445,8,2,487,226000
40.0,True,6,5,True,False,297,False,12224,2000,695,7,2,390,244000
0.0,True,5,6,False,False,658,False,7388,1959,405,7,2,624,150750
136.0,True,8,5,True,False,262,False,6853,2001,1005,6,2,471,220000
0.0,True,5,6,False,False,891,False,10335,1968,570,7,2,440,180000
288.0,True,7,6,False,False,1304,False,10400,1970,0,7,2,530,174000
196.0,True,5,5,False,False,519,False,10355,1967,695,5,1,318,143000
70.0,True,7,5,False,False,1907,False,11070,1988,0,9,3,766,171000
320.0,True,8,5,True,False,336,False,9066,1999,668,7,3,660,230000
0.0,True,6,5,False,False,107,False,15426,1997,821,7,2,470,231500
0.0,False,4,5,False,False,432,False,10500,1971,432,5,0,0,115000
0.0,True,7,5,True,False,434,False,11645,2005,1300,7,2,660,260000
0.0,True,5,4,False,True,403,False,8520,1952,507,6,2,720,166000
183.0,True,7,5,True,False,811,False,10335,1999,679,6,2,577,204000
336.0,False,5,5,False,False,396,False,9100,1963,1332,10,2,504,125000
50.0,True,6,5,True,False,970,False,2522,2004,0,7,2,380,130000
0.0,True,5,7,False,False,506,False,6120,1931,209,5,1,180,105000
180.0,True,7,5,True,False,884,False,9505,2001,0,8,2,434,222500
120.0,True,7,5,False,False,400,False,7500,2004,680,6,0,0,141000
0.0,True,5,4,False,False,896,False,6240,1936,0,7,1,240,115000
0.0,True,5,6,False,False,253,False,10356,1975,716,5,2,440,122000
436.0,False,8,5,True,False,310,False,13891,2007,1400,6,3,866,372402
252.0,True,6,5,False,False,409,False,14803,1971,416,8,2,495,190000
0.0,True,6,7,False,False,93,False,13500,1960,429,4,2,564,235000
0.0,True,6,5,False,False,1200,False,11340,1923,0,7,1,312,125000
0.0,True,6,5,False,False,572,False,9600,1924,0,5,0,0,79000
0.0,True,5,7,False,False,0,False,7200,1950,0,5,2,625,109500
84.0,False,8,5,True,False,774,False,12003,2009,0,8,3,680,269500
0.0,True,7,5,True,False,769,False,12552,2004,222,8,2,678,254900
456.0,False,7,5,True,False,1335,False,19378,2005,57,9,2,576,320000
0.0,True,6,6,False,False,572,False,11120,1984,660,6,2,516,162500
664.0,True,9,5,True,False,556,False,13688,2003,1016,10,3,726,412500
226.0,False,7,5,True,False,340,False,12182,2005,1201,7,2,532,220000
0.0,True,4,6,False,False,882,False,5500,1956,0,4,0,0,103200
0.0,True,6,7,False,False,779,True,5400,1926,370,5,1,216,152000
0.0,True,5,7,False,False,112,False,10106,1940,351,6,0,0,127500
0.0,False,5,5,True,False,470,True,10708,1955,379,7,1,303,190000
300.0,False,8,5,True,False,294,False,10562,2007,1288,8,3,789,325624
0.0,True,7,5,True,False,840,False,8244,2004,0,7,2,440,183500
653.0,True,8,6,True,False,1686,False,16669,1981,0,6,2,511,228000
0.0,True,5,6,False,False,360,False,12358,1941,360,7,2,660,128500
112.0,True,6,5,False,False,441,False,31770,1960,639,7,2,528,215000
0.0,True,7,7,True,False,354,False,5306,1987,495,5,2,504,239000
491.0,False,6,5,False,False,700,False,10197,1961,288,6,2,504,163000
132.0,True,6,5,False,False,0,False,12416,1986,1398,7,2,616,184000
0.0,True,6,7,False,False,725,False,12615,1950,477,7,2,576,243000
268.0,True,6,5,True,False,320,False,10029,1988,831,8,2,521,211000
0.0,True,5,5,True,False,554,False,13650,1958,57,8,2,451,172500
748.0,False,9,5,False,False,312,False,17423,2008,1904,9,3,1166,501837
0.0,True,5,6,True,False,968,False,8520,1923,0,5,2,480,100000
456.0,True,6,5,True,False,320,False,2117,2000,436,5,2,440,177000
0.0,True,7,6,False,False,441,True,7588,1920,352,9,1,216,200100
98.0,True,5,6,False,False,0,False,9060,1957,0,7,1,252,120000
0.0,True,7,5,False,False,1362,False,11426,2003,0,6,2,484,200000
0.0,True,5,8,False,False,504,False,7438,1908,0,5,2,576,127000
0.0,True,10,9,True,False,1107,False,22950,1892,0,12,3,840,475000
0.0,True,7,5,False,False,577,False,9947,1990,611,6,2,497,173000
0.0,True,5,7,False,False,660,False,10410,1916,0,8,1,180,135000
275.0,True,5,5,False,False,0,False,7018,1979,1086,6,2,528,153337
0.0,True,8,5,True,False,440,False,4923,2001,1153,5,2,682,286000
0.0,True,8,8,True,False,556,False,10570,1932,297,10,2,440,315000
138.0,True,7,9,False,False,99,False,7472,1972,626,7,2,484,184000
0.0,True,7,5,True,False,871,False,9017,1999,560,6,2,666,192000
50.0,True,7,5,True,False,970,False,2522,2004,0,7,2,380,130000
0.0,True,5,7,False,False,474,False,7180,1972,390,5,1,352,127000
0.0,True,6,6,False,False,289,False,2280,1976,566,7,2,440,148500
205.0,False,7,5,False,False,600,False,9416,2007,1126,8,3,786,311872
0.0,True,8,4,True,False,140,False,25419,1918,1036,8,2,795,235000
0.0,True,6,6,False,False,755,False,5520,1912,0,8,0,0,104000
262.0,True,8,5,True,False,625,False,9591,2004,1088,7,3,856,274900
0.0,True,4,5,False,False,1121,False,8546,2003,0,5,2,440,140000
0.0,True,6,6,False,False,276,False,10125,1977,641,6,2,473,171500
0.0,False,6,6,False,False,0,True,7000,1924,617,6,1,398,112000
205.0,True,6,5,True,False,186,False,4438,2004,662,3,2,420,149000
0.0,True,5,7,False,False,408,True,3500,1947,312,5,1,240,110000
0.0,True,7,5,False,False,1424,False,11851,1990,0,5,2,500,180500
0.0,True,5,5,False,False,1140,False,13673,1962,0,8,1,349,143900
0.0,True,4,5,False,False,375,False,12493,1960,419,6,1,312,141000
128.0,True,7,5,True,False,92,False,14364,1988,1065,7,2,454,277000
260.0,True,6,7,False,False,305,False,8250,1964,787,6,2,504,145000
0.0,True,5,6,False,False,396,False,5604,1925,468,5,0,0,98000
0.0,True,6,5,False,False,1176,False,10420,2009,36,6,2,460,186000
0.0,False,7,5,False,False,78,False,8640,2009,822,7,2,644,252678
0.0,True,5,5,False,False,274,False,13568,1995,716,5,2,576,156000
153.0,True,6,7,False,False,311,False,10900,1977,378,6,1,299,161750
64.0,True,5,6,False,False,710,False,10011,1957,360,6,1,447,134450
266.0,True,7,5,True,False,490,False,8450,2004,946,8,2,484,210000
0.0,True,4,4,False,False,686,False,9906,1925,0,8,1,210,107000
312.0,True,7,9,True,False,457,False,15660,1939,341,8,2,431,311500
16.0,False,7,5,True,False,1232,False,3010,2005,16,5,2,438,167240
0.0,False,7,5,True,False,1498,False,8990,2006,0,5,2,675,204900
0.0,False,6,5,True,False,1010,False,8068,2002,0,8,2,390,200000
0.0,True,6,6,False,False,163,False,11475,1975,550,6,2,434,179900
0.0,True,4,6,False,False,160,False,10500,1971,524,4,2,576,97000
922.0,True,10,5,False,False,2336,False,13472,2003,56,8,3,968,386250
142.0,False,5,5,False,False,630,False,1680,1971,0,6,1,280,112000
290.0,True,7,5,True,False,638,False,9950,1995,565,9,3,721,290000
127.0,True,6,6,False,False,162,False,1869,1970,321,5,1,280,106000
0.0,True,5,5,False,False,70,False,8521,1967,842,5,1,336,125000
16.0,True,7,5,True,False,1357,False,3182,2005,16,7,2,430,192500
220.0,True,6,6,False,False,1194,False,8760,1959,0,6,1,312,148000
506.0,True,8,5,True,False,773,False,15138,1995,689,9,3,810,403000
297.0,True,6,5,False,False,483,False,1680,1972,0,5,1,288,94500
0.0,True,5,6,False,False,0,True,10650,1976,182,5,1,308,128200
0.0,True,6,5,True,False,235,False,7851,2002,625,8,2,440,216500
604.0,True,6,3,False,False,125,False,1680,1971,358,5,1,264,89500
98.0,True,7,5,True,False,1390,False,8773,2004,24,6,2,494,185500
0.0,True,7,7,True,False,594,False,9453,1993,402,7,2,457,194500
254.0,False,8,5,False,False,1694,False,12030,2007,0,7,3,818,318000
0.0,True,6,4,False,False,641,True,8741,1945,94,7,1,220,113000
36.0,True,8,5,True,False,488,False,9000,2008,1078,7,2,750,262500
0.0,True,5,9,False,False,357,False,3880,1945,329,4,0,0,110500
0.0,True,5,4,False,False,540,False,5000,1900,0,6,1,352,79000
0.0,True,6,6,False,False,626,False,10762,1980,0,6,1,288,120000
0.0,True,7,5,True,False,253,False,8880,1994,695,8,2,463,205000
102.0,True,7,5,False,False,916,False,10400,1988,929,6,2,604,241500
0.0,True,6,8,False,True,1020,False,9142,1910,0,9,1,440,137000
0.0,True,6,5,False,False,1367,False,11310,1954,0,5,2,451,140000
101.0,True,7,5,True,False,840,False,11317,2003,0,8,2,500,180000
472.0,True,6,7,True,False,747,False,159000,1958,697,7,2,389,277000
0.0,True,3,2,False,False,728,False,5350,1940,0,6,0,0,76500
481.0,True,8,5,True,False,0,False,4750,2006,1573,5,2,538,235000
0.0,True,6,5,True,False,798,False,8366,2004,0,6,2,520,173000
108.0,False,6,7,False,False,452,True,9350,1964,270,7,1,309,158000
0.0,True,5,6,False,False,392,False,8400,1957,922,5,1,294,145000
302.0,True,7,5,True,False,975,False,8738,1999,0,8,2,429,230000
0.0,True,6,5,True,False,361,False,8791,2003,503,7,2,673,207500
180.0,True,7,5,True,False,270,False,8814,2006,1334,8,2,660,220000
172.0,True,7,5,True,False,602,False,12435,2001,361,7,2,564,231500
0.0,True,5,5,False,False,0,False,12702,1956,0,4,1,308,97000
399.0,True,6,5,False,False,0,False,19296,1962,672,6,2,884,176000
270.0,False,8,5,True,False,1482,False,9588,2007,0,10,3,868,276000
46.0,True,6,7,False,False,0,False,8471,1977,506,6,2,492,151000
0.0,True,5,7,False,False,0,True,5500,1929,234,6,2,484,130000
0.0,True,5,5,False,False,680,False,5232,1925,0,4,2,504,73000
210.0,True,6,6,False,False,606,False,12090,1981,588,7,2,576,175500
0.0,True,6,5,False,False,88,False,11207,1997,714,8,2,413,185000
0.0,True,5,8,False,False,342,True,8400,1939,378,8,1,240,179500
0.0,True,5,6,False,False,212,False,6900,1940,403,4,1,924,120500
174.0,True,6,7,False,False,392,False,7917,1976,751,6,1,504,148000
0.0,False,8,5,True,False,1095,False,10728,2006,0,8,3,1053,266000
0.0,True,7,7,False,False,96,True,39104,1954,226,5,2,439,241500
348.0,True,8,7,True,False,628,False,11764,1999,524,9,3,671,290000
183.0,True,6,6,False,False,0,False,9600,1958,620,6,1,338,139000
0.0,True,5,7,False,False,270,False,8314,1982,546,5,1,264,124500
0.0,True,7,7,True,False,952,False,7264,1925,0,5,2,672,205000
0.0,True,7,5,True,False,1560,False,9196,2003,0,7,2,573,201000
0.0,True,4,5,False,False,744,True,19138,1951,120,4,2,400,141000
315.0,False,9,5,False,False,2121,False,14450,2006,0,8,3,732,415298
299.0,True,7,5,False,False,768,False,10005,1977,392,8,2,505,192000
340.0,True,7,6,True,False,386,False,11287,1989,421,7,2,575,228500
68.0,False,6,5,True,False,357,False,7200,2006,905,5,2,572,185000
166.0,False,7,5,True,False,410,False,5063,2007,904,6,2,626,207500
72.0,False,8,5,True,False,1468,False,9612,2008,0,6,3,898,244600
0.0,True,6,5,True,False,1145,False,8012,1992,430,5,2,529,179200
0.0,False,7,5,True,False,625,False,4251,2006,0,5,2,528,164700
0.0,True,6,7,False,False,312,False,9786,1962,600,7,2,440,159000
0.0,True,4,4,False,False,244,False,8125,1971,614,5,0,0,88000
31.0,True,5,5,False,False,432,False,9819,1967,450,5,1,280,122000
0.0,True,6,7,False,False,698,False,8730,1915,0,7,1,384,153575
0.0,False,8,5,True,False,1079,False,15611,2006,0,8,2,685,233230
0.0,True,5,6,False,True,570,False,5687,1912,210,9,0,0,135900
0.0,True,5,4,False,False,476,True,11409,1949,292,8,1,281,131000
34.0,True,7,7,False,False,0,False,16659,1977,795,9,2,539,235000
238.0,True,6,5,False,False,131,False,9600,1953,1285,7,2,418,167000
0.0,True,6,6,False,False,184,False,7937,1984,819,6,2,588,142500
0.0,True,5,5,False,False,490,False,13710,1950,420,6,1,282,152000
1600.0,True,7,5,True,False,326,False,7399,1997,649,7,2,576,239000
365.0,True,6,6,True,False,143,False,11700,1968,384,7,2,539,175000
0.0,True,6,8,False,False,1092,False,14000,1950,0,6,1,300,158500
56.0,True,5,5,False,False,324,False,15750,1953,841,5,1,375,157000
0.0,True,8,5,True,False,747,False,16226,1998,281,9,2,683,267000
150.0,True,7,5,True,False,1541,False,13704,2001,0,6,3,843,205000
0.0,True,5,7,False,False,0,False,9800,1972,894,5,2,552,149900
0.0,True,7,9,False,False,1470,False,18386,1880,0,10,3,870,295000
246.0,True,8,5,True,False,536,False,10386,2004,1464,8,3,888,305900
246.0,True,7,5,True,False,0,False,13474,1990,700,8,3,746,225000
0.0,True,6,7,False,True,319,False,7920,1920,0,6,0,0,89500
0.0,True,4,5,False,False,599,False,12342,1940,262,4,2,539,82500
0.0,True,9,5,True,False,622,False,12378,2003,1274,8,3,708,360000
112.0,True,6,5,False,False,179,False,7685,1993,518,6,2,420,165600
0.0,True,6,6,False,False,292,False,8000,1948,680,5,1,240,132000
0.0,True,5,7,False,False,286,False,7800,1939,507,5,2,410,119900
0.0,True,7,5,False,False,80,False,215245,1965,1236,8,2,513,375000
0.0,True,7,7,False,False,712,True,9600,1925,16,6,2,546,178000
0.0,True,7,5,True,False,291,False,7795,2004,425,6,2,432,188500
278.0,True,7,7,True,False,153,False,13005,1980,692,10,2,484,260000
0.0,True,8,5,True,False,1088,False,9000,2006,0,8,3,1025,270000
256.0,True,7,5,True,False,360,False,9900,1993,987,9,3,656,260000
225.0,True,7,5,False,False,336,False,14115,1980,1036,6,2,588,187500
370.0,False,9,5,False,False,1249,False,16259,2006,0,9,3,840,342643
388.0,True,8,5,True,False,166,False,12099,2004,970,10,3,872,354000
172.0,True,7,5,True,False,0,True,10380,1986,28,8,2,576,301000
0.0,True,3,8,False,False,906,False,5820,1955,256,6,1,220,126175
300.0,True,7,7,True,False,710,False,11275,1967,0,11,2,564,242000
0.0,True,5,6,False,False,604,False,5000,1941,116,5,2,360,87000
0.0,False,8,5,True,False,100,False,10846,1993,1619,6,2,473,324000
175.0,True,6,5,False,False,818,False,11600,1960,565,7,1,292,145250
0.0,True,6,6,False,False,844,False,11888,1916,0,10,2,441,214500
0.0,True,5,5,False,False,596,False,6402,1920,0,6,1,189,78000
84.0,True,5,4,False,False,1424,False,10624,1964,40,10,1,352,119000
0.0,True,5,6,False,False,210,False,8176,1958,846,6,1,308,139000
296.0,True,8,5,True,False,1603,False,10655,2003,1124,7,3,880,284000
146.0,True,7,5,True,False,638,False,8198,2004,720,6,2,484,207000
0.0,True,6,5,False,False,115,False,9042,1998,828,7,2,472,192000
0.0,True,5,6,False,False,103,False,164660,1965,1249,7,2,529,228950
200.0,True,9,5,True,False,673,False,14157,2005,1249,8,3,676,377426
113.0,True,7,5,True,False,726,False,9135,2002,810,7,2,532,214000
0.0,True,7,7,True,False,995,False,14145,1984,213,8,2,440,202500
176.0,True,6,7,False,False,630,False,12400,1958,585,6,1,297,155000
0.0,True,8,5,True,False,967,False,14191,2002,0,9,2,431,202900
0.0,True,4,4,False,True,721,False,8400,1950,0,4,1,294,82000
340.0,True,3,4,False,False,0,False,8544,1949,0,6,2,400,87500
616.0,True,9,5,False,False,1656,False,8849,2005,28,6,2,564,266000
0.0,True,5,3,False,False,175,False,2592,1976,129,4,1,336,85000
0.0,True,6,5,False,False,972,False,6435,1939,0,6,1,312,140200
0.0,True,6,8,False,False,460,False,12772,1960,498,5,1,301,151500
30.0,True,6,5,False,False,208,False,17600,1960,1270,6,2,498,157500
106.0,True,7,5,True,False,191,False,2448,2003,573,6,2,474,154000
870.0,False,9,5,False,False,438,False,20431,2005,1410,10,3,706,437154
362.0,False,9,5,False,False,1869,False,7820,2007,0,6,2,617,318061
0.0,True,7,5,False,False,371,False,5271,1986,1082,6,2,445,190000
0.0,False,5,6,False,False,0,True,9084,1941,236,5,1,200,95000
0.0,True,6,8,False,False,624,False,8520,1928,0,5,2,484,105900
0.0,True,6,5,False,False,552,True,8400,1940,388,6,1,240,140000
0.0,True,6,5,True,False,322,False,11249,1995,334,6,2,521,177500
106.0,True,6,6,False,False,598,False,9248,1992,560,6,2,400,173000
0.0,True,5,5,False,False,268,False,4224,1976,874,6,2,528,134000
120.0,True,5,4,False,False,468,False,6930,1958,300,6,1,288,130000
530.0,True,8,5,True,False,130,False,12011,1998,956,7,2,592,280000
0.0,True,6,6,False,False,115,False,7540,1978,773,5,2,470,156000
0.0,True,5,5,False,False,484,False,9144,1940,399,8,1,240,145000
500.0,False,7,5,True,False,0,False,7301,2003,0,7,2,672,198500
510.0,True,6,8,False,False,321,False,1680,1972,162,5,1,264,118000
120.0,True,6,5,False,False,84,False,18800,1976,712,6,2,566,190000
0.0,True,5,7,False,False,216,False,10690,1920,456,6,1,468,147000
247.0,True,6,5,False,False,785,False,9500,1963,609,6,2,514,159000
305.0,True,6,5,False,False,728,False,9150,1962,371,6,1,296,165000
200.0,True,5,6,False,False,728,True,7800,1954,540,7,1,244,132000
0.0,True,5,7,False,False,733,False,9830,1959,72,7,2,576,162000
0.0,True,6,5,False,False,953,False,8121,2000,0,7,2,460,172400
0.0,True,4,4,False,False,0,False,17120,1959,0,7,2,680,134432
0.0,True,6,5,False,False,0,False,7175,1984,623,4,1,264,125000
0.0,True,5,6,False,False,0,False,10634,1953,428,5,1,270,123000
0.0,True,7,5,True,False,847,False,8200,2003,0,8,2,434,219500
0.0,True,1,1,False,True,333,False,10020,1922,350,4,0,0,61000
0.0,True,5,5,True,False,572,False,8846,1996,298,5,2,576,148000
0.0,True,8,5,True,False,1580,False,11143,2004,0,8,2,610,340000
350.0,False,9,2,True,False,411,False,11394,2010,1445,8,3,834,394432
16.0,True,6,5,False,False,982,False,8123,2000,0,7,2,463,179000
0.0,True,5,6,False,False,808,True,5000,1924,218,6,1,308,127000
0.0,False,7,5,True,False,1293,False,7200,2006,0,5,2,572,187750
0.0,True,7,5,True,False,939,False,9245,2006,0,8,2,639,213500
0.0,True,6,3,False,False,784,False,9000,1928,0,5,2,360,76000
0.0,True,6,5,True,False,595,False,53107,1992,985,9,2,501,240000
16.0,True,8,5,True,False,1232,False,3182,2004,24,6,2,430,192000
0.0,True,5,3,False,True,658,False,8410,1910,0,8,0,0,81000
255.0,True,6,6,False,False,410,False,7200,1976,631,6,1,352,125000
125.0,True,7,5,True,False,1468,False,9382,1999,0,6,2,577,191000
272.0,False,10,5,False,False,402,False,12474,2007,1280,9,3,846,426000
0.0,True,5,8,False,False,229,False,8405,1900,241,7,1,384,119000
0.0,True,6,5,False,False,114,False,12209,2001,690,7,2,560,215000
0.0,True,5,7,False,False,0,False,8339,1959,0,5,1,294,106500
0.0,True,4,5,False,False,522,False,7446,1941,266,4,0,0,100000
0.0,True,5,6,False,False,735,False,10134,1940,0,5,1,240,109000
0.0,True,5,6,False,False,405,False,9571,1956,739,6,1,596,129000
0.0,True,5,5,False,False,117,False,7200,1972,777,6,2,600,123000
288.0,True,5,5,False,False,324,False,7590,1962,540,8,1,264,169500
0.0,True,5,2,False,True,961,False,8967,1920,0,6,1,338,67000
100.0,True,7,5,True,False,280,False,8125,2006,812,7,2,438,241000
0.0,True,8,5,True,False,474,False,14963,1996,786,4,2,500,245500
0.0,False,7,5,True,False,1286,False,8767,2005,24,6,2,400,164990
0.0,True,5,8,False,False,672,False,10200,1940,0,4,1,240,108000
650.0,True,8,5,True,False,1141,False,12090,1998,0,10,2,420,258000
0.0,True,6,5,False,False,806,False,10364,1995,0,7,2,373,168000
0.0,True,4,4,False,False,165,False,9991,1976,1116,8,2,490,150000
0.0,True,6,5,False,False,1064,False,10480,1936,0,6,1,240,115000
0.0,True,6,7,False,False,840,False,15576,1915,0,8,1,308,177000
350.0,False,7,5,True,False,1063,False,14154,2006,0,9,3,947,280000
100.0,False,8,5,True,False,245,False,10800,2007,789,8,3,836,339750
0.0,False,5,3,False,True,1276,False,9571,1958,0,5,1,350,60000
0.0,True,5,5,False,False,0,False,34650,1955,1056,5,2,572,145000
432.0,False,7,5,False,False,892,False,4403,2009,578,7,2,484,222000
0.0,True,5,6,False,False,1008,False,8960,1927,0,5,2,360,115000
0.0,True,7,5,True,False,499,False,11228,1993,50,9,3,678,228000
0.0,False,7,5,True,False,1316,False,8899,2007,24,6,2,396,181134
203.0,True,6,7,False,False,463,False,7844,1978,209,6,2,440,149500
0.0,True,6,6,False,False,242,False,22420,1918,1128,10,3,864,239000
0.0,True,5,6,False,False,444,False,8160,1940,312,7,1,240,126000
0.0,True,5,6,False,False,281,False,8450,1968,775,6,1,304,142000
200.0,True,7,5,False,False,35,False,7060,1997,1309,8,4,784,206300
126.0,True,6,7,True,False,356,False,16635,1977,1246,8,2,529,215000
0.0,True,5,5,False,False,988,False,21750,1954,0,4,2,520,113000
473.0,True,8,5,True,False,484,False,9200,1998,986,8,3,696,315000
74.0,True,6,5,False,False,580,True,9000,1956,616,6,1,297,139000
0.0,True,7,8,False,False,651,False,3378,1946,0,6,1,240,135000
145.0,True,7,5,True,False,0,False,12800,1989,1518,5,2,569,275000
0.0,True,4,6,False,False,619,False,8593,1957,288,5,1,352,109008
108.0,False,7,5,True,False,544,False,6762,2007,664,6,2,628,195400
0.0,True,6,5,False,False,387,False,11457,1988,1005,6,2,576,175000
232.0,False,6,5,False,False,96,False,1680,1971,387,4,1,264,85400
0.0,False,6,7,False,False,901,False,5586,1920,0,7,0,0,79900
376.0,True,5,5,False,False,294,False,1920,1971,471,6,2,440,122500
0.0,True,6,5,False,False,926,False,10839,1997,0,7,2,470,181000
0.0,True,4,7,False,False,135,False,1890,1972,495,3,0,0,81000
0.0,False,7,6,True,False,70,False,10667,1996,385,6,2,550,212000
0.0,True,6,8,False,False,648,False,4400,1920,0,6,2,440,116000
0.0,True,6,7,True,False,884,False,6000,1926,0,4,1,180,119000
0.0,True,5,6,False,False,75,True,4280,1913,365,4,1,352,90350
0.0,False,6,8,False,False,684,False,12354,1920,0,7,2,528,110000
200.0,True,10,5,False,False,788,False,15431,2008,1767,10,3,672,555000
270.0,True,4,4,False,False,1307,False,12108,1955,133,8,0,0,118000
0.0,True,5,7,False,False,1078,False,6240,1930,0,8,2,360,162900
72.0,False,7,5,True,False,1258,False,3922,2006,0,6,3,648,172500
0.0,True,7,5,True,False,273,False,8750,1994,642,8,2,493,210000
0.0,False,6,5,False,False,1436,False,9855,1956,0,7,2,480,127500
0.0,True,6,6,True,False,557,False,16492,1966,247,6,2,578,190000
0.0,True,7,5,True,False,930,False,11214,1998,0,10,2,431,199900
0.0,True,6,6,False,False,780,False,8600,1937,0,7,1,198,119500
0.0,True,3,7,False,False,318,False,6000,1948,331,6,1,308,120000
0.0,True,6,8,False,False,813,False,5684,1930,0,5,1,270,110000
0.0,True,7,5,False,False,878,False,70761,1975,655,5,2,576,280000
42.0,True,6,5,True,False,130,False,9303,1996,742,7,2,422,204000
0.0,True,8,5,True,False,768,False,9000,2008,0,6,2,676,210000
0.0,True,5,5,False,False,122,False,9297,1976,1606,8,2,560,188000
320.0,True,7,6,False,False,326,False,9600,1973,916,6,2,528,175500
0.0,False,5,5,False,False,624,False,4571,1916,0,7,3,513,98000
0.0,True,4,6,False,False,248,False,53227,1954,1116,6,2,529,256000
0.0,True,8,7,False,False,588,False,5100,1925,0,7,1,228,161000
161.0,True,5,4,False,False,524,True,7015,1950,185,5,1,352,110000
110.0,False,8,5,True,False,288,False,8004,2009,544,8,2,552,263435
0.0,True,7,9,True,False,0,False,7200,1936,350,6,2,576,155000
0.0,True,5,5,False,False,0,False,8281,1965,553,5,1,360,62383
0.0,True,6,7,False,False,389,True,11988,1934,326,6,1,240,188700
136.0,True,5,5,False,False,424,False,8430,1978,616,5,0,0,124000
18.0,True,7,5,True,False,1375,False,3072,2004,0,6,2,398,178740
0.0,True,7,5,False,False,499,False,10628,1970,778,5,2,526,167000
224.0,True,5,7,False,False,342,True,9480,1942,386,7,1,312,146500
248.0,True,8,5,True,False,1626,False,11428,2006,0,7,3,866,250000
120.0,True,6,5,True,False,406,False,9291,1993,426,7,2,506,187000
0.0,True,8,5,True,False,0,False,6820,1985,368,4,2,528,212000
0.0,True,7,6,False,False,808,False,11952,1977,0,8,2,534,190000
80.0,True,6,5,False,False,88,False,3675,2005,459,5,2,525,148000
304.0,False,8,5,True,False,626,False,14977,2006,1350,7,3,908,440000
0.0,True,8,5,True,False,298,False,5330,2000,1196,6,2,499,251000
0.0,True,5,6,False,False,340,False,8480,1963,630,5,2,624,132500
215.0,True,6,5,False,False,484,False,13125,1997,994,7,2,508,208900
772.0,True,9,5,False,False,2153,False,13693,2006,0,9,3,694,380000
336.0,True,8,5,True,False,417,False,10637,2007,1288,7,3,826,297000
435.0,True,4,7,False,False,739,False,5925,1937,168,7,2,672,89471
378.0,True,9,5,True,False,572,False,16033,2004,1261,8,3,772,326000
562.0,True,9,5,True,False,225,False,11846,2003,1567,6,3,874,374000
0.0,True,7,8,True,False,611,False,2500,1915,299,7,1,164,155000
116.0,True,6,5,False,False,319,False,4500,1998,897,5,2,402,164000
0.0,True,5,7,False,False,411,False,7758,1962,588,6,1,264,132500
0.0,True,5,7,True,False,506,False,9600,1950,607,5,1,264,147000
168.0,True,5,7,False,False,237,False,10289,1965,836,6,2,515,156000
0.0,True,5,6,False,False,486,False,12243,1971,998,7,2,487,175000
0.0,False,5,4,False,True,290,False,10800,1900,664,10,2,520,160000
0.0,True,4,8,False,False,115,False,1526,1970,515,3,1,286,86000
0.0,True,5,6,False,False,264,False,2665,1976,0,4,1,336,115000
0.0,True,6,7,False,False,238,False,9490,1941,403,5,1,240,133000
0.0,False,6,5,True,False,728,False,15578,2006,0,8,2,429,172785
0.0,True,5,6,False,False,363,False,7931,1960,374,6,1,308,155000
0.0,True,5,8,False,False,190,False,5784,1938,0,4,1,273,91300
0.0,True,4,5,False,False,225,False,7879,1920,495,4,0,0,34900
0.0,True,8,5,True,False,1969,False,12692,1992,1231,10,2,546,430000
0.0,True,7,6,False,False,697,False,9120,1925,329,8,1,240,184000
89.0,True,5,7,False,False,414,False,7800,1967,450,5,1,288,130000
0.0,True,5,7,False,False,522,False,7535,1958,111,5,1,297,120000
285.0,True,6,5,False,False,316,False,1890,1973,356,7,1,264,113000
0.0,True,7,5,True,False,466,False,9803,2005,400,7,2,603,226700
0.0,True,5,7,False,False,420,False,9170,1965,698,6,2,461,140000
0.0,True,7,8,False,False,254,False,15602,1959,1247,6,2,484,289000
0.0,True,6,5,False,False,103,False,2308,1974,257,6,2,440,147000
360.0,False,5,5,False,False,960,False,7596,1952,0,10,2,400,124500
125.0,True,8,5,True,False,397,False,9554,1993,380,8,2,471,215000
0.0,False,6,5,True,False,1191,False,7862,2009,27,4,2,676,208300
0.0,True,7,9,False,False,548,False,9600,1928,141,7,2,360,161000
132.0,True,5,6,False,False,50,False,9600,1959,991,6,1,270,124500
70.0,True,5,7,True,False,178,False,14559,1951,650,6,1,288,164900
94.0,False,7,5,True,False,1368,False,6792,2005,0,6,2,474,202665
0.0,True,5,5,False,False,169,False,9100,1958,521,5,2,624,129900
0.0,True,6,5,False,False,748,False,9187,1983,336,5,2,484,134000
0.0,True,5,5,False,False,768,False,10594,1926,0,5,1,200,96500
305.0,False,10,5,False,False,570,False,12220,2009,1436,9,3,900,402861
333.0,False,6,6,False,False,689,False,10448,1972,0,7,2,583,158000
921.0,True,7,5,True,False,1264,False,10208,1996,0,7,3,889,265000
0.0,True,6,5,False,False,88,False,9531,1998,706,7,2,546,211000
0.0,True,7,9,True,False,1276,False,10918,1926,0,9,1,282,234000
0.0,True,4,7,False,False,0,False,10800,1900,0,7,0,0,106250
0.0,True,6,6,False,False,467,False,11988,1957,777,6,1,336,150000
0.0,True,6,7,False,False,605,False,5000,1947,399,7,2,420,159000
762.0,False,10,5,False,False,878,False,40094,2007,2260,11,3,884,184750
594.0,True,7,5,True,False,660,False,11787,1996,719,8,3,834,315750
0.0,True,7,5,True,False,1257,False,7500,2005,0,6,2,453,176000
0.0,True,5,7,False,False,551,False,13300,1956,377,4,1,252,132000
268.0,False,9,5,False,False,122,False,14948,2008,1330,11,3,858,446261
0.0,True,4,7,False,False,180,False,9098,1920,348,5,0,0,86000
0.0,True,6,3,True,False,816,False,32668,1957,1219,9,2,484,200624
219.0,True,6,5,True,False,678,False,10200,1988,783,5,2,600,175000
0.0,True,6,8,False,False,611,False,6155,1920,0,6,2,502,128000
0.0,True,5,7,False,False,0,False,7200,1955,0,5,1,392,107500
0.0,True,1,3,False,True,0,False,5000,1946,0,2,0,0,39300
0.0,True,8,5,True,False,707,False,9056,2004,0,6,2,403,178000
0.0,True,5,7,False,False,148,False,7000,1910,969,5,0,0,107500
0.0,True,7,5,False,False,880,False,8924,1998,0,8,2,527,188000
0.0,False,4,5,False,False,264,False,12735,1972,600,5,2,576,111250
188.0,True,5,5,False,False,378,False,11553,1968,673,7,1,336,158000
479.0,True,8,5,True,False,223,False,11423,2001,1358,6,2,670,272000
584.0,True,9,5,False,False,578,False,14601,2006,1260,8,3,765,315000
72.0,True,8,5,True,False,969,False,11000,2000,0,8,3,648,248000
0.0,True,7,5,True,False,379,True,10140,1998,144,7,2,583,213250
182.0,True,7,5,False,False,0,False,4058,1998,584,4,1,367,133000
0.0,False,7,5,True,False,100,False,17104,2006,554,7,2,426,179665
178.0,True,7,5,True,False,0,False,13837,1988,1002,9,3,786,229000
0.0,True,6,7,False,False,765,False,8737,1923,300,6,2,440,210000
0.0,True,5,7,False,False,149,False,7244,1970,619,5,2,624,129500
0.0,True,5,7,False,False,0,True,8235,1955,180,4,2,720,125000
0.0,True,7,5,True,False,912,False,9375,2003,0,8,2,615,263000
0.0,False,6,6,False,False,510,False,4043,1977,559,4,2,440,140000
0.0,True,5,6,False,False,620,False,6000,1957,308,5,1,288,112500
250.0,True,8,5,True,False,1709,False,11146,2006,0,7,3,908,255500
0.0,True,4,5,False,False,0,False,8777,1949,0,5,2,520,108000
292.0,True,7,5,True,False,132,False,10625,2003,866,8,3,871,284000
0.0,True,5,6,False,False,993,False,6380,1922,0,5,1,280,113000
0.0,True,5,5,False,False,197,False,14850,1957,895,6,1,299,141000
0.0,False,4,6,False,False,0,False,11040,1920,637,7,1,570,108000
0.0,True,7,5,False,False,125,False,21872,1996,604,6,2,406,175000
18.0,True,7,5,True,False,1374,False,3196,2003,0,7,2,420,234000
180.0,True,5,6,False,False,90,False,11341,1957,1302,5,2,528,121500
0.0,True,5,5,False,False,195,False,10010,1974,1071,6,2,418,170000
0.0,True,5,6,False,False,706,False,13907,1940,290,6,0,0,108000
0.0,True,6,7,False,False,1163,False,21780,1918,0,8,2,396,185000
0.0,True,7,5,True,False,367,False,13346,1992,728,9,2,590,268000
0.0,True,6,4,False,False,806,False,6858,1915,0,6,1,216,128000
245.0,True,9,5,True,False,1122,False,11198,2005,0,11,3,656,325000
168.0,True,7,5,True,False,1515,False,10171,2004,2,7,2,532,214000
0.0,True,8,8,True,False,55,False,12327,1983,1441,5,2,612,316600
0.0,True,5,5,False,False,0,False,7032,1979,943,4,2,600,135960
108.0,True,5,5,False,False,1497,True,13101,1965,231,10,2,576,142600
207.0,True,6,6,False,False,450,False,7332,1959,414,4,1,288,120000
0.0,False,7,5,False,False,846,False,13159,2009,0,6,2,650,224500
0.0,True,7,5,False,False,384,False,9967,2000,0,8,2,400,170000
82.0,True,5,7,False,False,23,False,10500,1971,349,5,1,288,139000
0.0,False,5,5,False,False,390,False,8480,1947,442,6,1,336,118500
0.0,True,7,7,False,False,861,False,6292,1928,0,6,1,216,145000
97.0,True,5,6,False,False,285,True,11777,1966,328,6,2,564,164500
0.0,True,7,5,True,False,689,False,3604,2007,0,5,2,540,146000
335.0,True,5,5,False,False,1050,False,12150,1954,0,7,1,352,131500
85.0,True,6,6,False,False,331,False,14585,1960,594,7,2,572,181900
306.0,False,8,5,False,False,2042,False,12704,2008,0,8,3,1390,253293
104.0,True,6,5,False,False,0,False,11841,1990,816,5,0,0,118500
0.0,True,10,9,False,False,1237,False,13500,1893,0,9,2,880,325000
0.0,True,4,7,False,False,884,False,6120,1935,0,6,1,240,133000
208.0,False,8,5,True,False,408,False,11443,2005,1460,7,3,880,369900
0.0,True,6,7,False,False,0,False,10267,1918,210,5,1,275,130000
0.0,True,5,6,False,False,168,False,8740,1982,672,4,2,528,137000
0.0,True,5,8,False,False,113,False,25095,1968,1324,5,1,452,143000
0.0,True,5,6,False,False,742,False,9100,1930,0,4,1,308,79500
0.0,True,7,5,True,False,280,False,8320,2004,490,6,2,520,185900
420.0,False,10,5,False,False,384,False,13478,2008,1338,10,3,842,451950
0.0,True,5,8,False,False,0,False,6600,1982,816,4,2,816,138000
170.0,True,6,5,True,False,163,False,4435,2003,685,4,2,420,140000
0.0,True,5,6,False,False,924,False,7990,1975,0,5,1,280,110000
238.0,False,8,5,True,False,392,False,11302,2005,1422,7,3,758,319000
0.0,True,6,7,False,False,684,False,3600,1910,0,7,1,216,114504
72.0,False,7,5,True,False,1258,False,3922,2006,0,7,3,648,194201
459.0,True,5,6,False,False,0,False,12984,1977,1283,7,2,621,217500
0.0,False,6,6,False,False,23,True,1950,1980,81,6,2,452,151000
280.0,True,8,5,True,False,512,False,10927,2005,546,8,2,736,275000
0.0,True,6,6,False,False,780,False,9000,1937,0,6,1,544,141000
0.0,True,8,5,True,False,119,False,10041,1992,789,8,2,506,220000
0.0,True,7,5,True,False,600,False,3182,2004,0,4,2,480,151000
99.0,True,7,5,True,False,572,False,12803,2002,922,6,2,530,221000
176.0,True,7,6,False,False,314,False,13600,1965,454,7,2,486,205000
0.0,True,5,5,False,False,308,False,12464,1996,732,6,2,576,152000
0.0,True,5,8,False,False,293,False,7800,1948,603,8,1,230,225000
0.0,True,8,6,False,False,537,False,12168,1934,428,10,2,380,359100
192.0,True,4,5,False,True,126,False,7943,1961,903,5,1,261,118500
204.0,True,9,5,True,False,536,False,11050,2000,904,8,3,736,313000
233.0,True,6,6,False,False,427,False,10395,1978,605,6,2,564,148000
108.0,True,8,5,True,False,309,False,11885,2001,990,7,2,531,261500
0.0,False,5,5,False,False,914,False,8402,2007,206,6,0,0,147000
0.0,True,4,6,False,False,0,True,1491,1972,150,3,0,0,75500
156.0,True,6,7,False,False,173,False,8800,1963,763,6,2,480,137500
0.0,True,6,5,True,False,326,False,7861,2002,457,7,2,393,183200
0.0,True,6,6,False,False,832,False,7227,1954,0,4,2,528,105500
452.0,False,9,5,False,False,1774,False,11694,2007,48,9,3,774,314813
226.0,True,8,5,True,False,611,False,12244,2003,871,10,3,749,305000
0.0,True,3,3,False,False,823,False,8248,1914,41,5,0,0,67000
0.0,True,6,7,False,False,384,False,10800,1974,956,9,2,624,240000
153.0,True,5,6,False,False,420,False,7064,1977,560,6,2,484,135000
513.0,True,6,5,True,False,336,False,2117,2000,420,4,2,440,168500
288.0,True,6,5,False,False,485,False,10400,1972,247,8,2,484,165150
261.0,True,6,6,False,False,1116,False,10000,1962,0,5,2,440,160000
0.0,True,5,5,False,False,978,False,12342,1960,0,6,1,286,139900
164.0,True,6,6,False,False,350,False,9600,1955,674,7,1,364,153000
192.0,True,5,5,False,False,390,False,11606,1969,650,9,2,504,135000
259.0,True,6,5,False,False,288,False,9020,1964,624,6,2,520,168500
0.0,True,5,6,False,False,636,False,9000,1880,0,8,1,240,124000
108.0,True,8,5,True,False,1530,False,4590,2006,24,6,2,627,209500
209.0,True,7,5,False,False,564,False,11900,1977,822,6,2,544,82500
0.0,True,5,7,False,False,108,False,9250,1954,480,6,1,260,139400
0.0,True,6,5,False,False,0,False,6979,1980,1056,4,2,576,144000
0.0,True,6,7,False,False,1184,True,10896,1914,256,14,0,0,200000
0.0,False,2,3,False,True,264,False,6120,1936,0,4,0,0,60000
0.0,True,5,4,False,False,811,False,6000,1954,0,7,1,256,93000
0.0,True,5,7,False,False,796,False,8777,1910,0,4,0,0,85000
0.0,False,8,5,True,False,366,False,3982,2006,1154,7,3,648,264561
472.0,True,8,5,False,False,300,False,12677,2003,1218,6,2,588,274000
0.0,True,7,5,True,False,319,False,7050,2001,738,7,2,650,226000
0.0,True,8,7,True,False,542,False,13860,1972,1410,9,2,538,345000
263.0,True,5,5,False,False,0,False,10793,1969,493,7,2,462,152000
162.0,False,9,5,False,False,645,False,9187,2009,1121,7,3,478,370878
0.0,True,6,5,False,False,664,False,10530,1971,282,5,2,576,143250
0.0,True,5,5,False,False,0,False,7200,1950,0,7,2,420,98300
216.0,True,6,5,False,False,594,False,10452,1953,500,5,2,495,155000
351.0,True,6,5,False,False,756,False,7700,1966,0,7,2,442,155000
0.0,True,4,6,False,False,0,False,1936,1970,131,3,0,0,84500
0.0,True,7,6,True,False,813,False,8125,2007,0,7,2,562,205950
0.0,True,4,5,False,False,755,False,9084,1940,0,7,1,296,108000
0.0,True,7,5,True,False,880,False,8750,1996,0,7,2,512,191000
0.0,True,6,7,False,False,756,False,10320,1906,0,7,1,216,135000
660.0,True,8,6,True,False,413,False,10437,1995,1696,7,3,839,350000
381.0,True,6,5,False,False,525,False,1680,1971,0,6,1,264,88000
54.0,True,5,7,True,False,247,False,10007,1959,806,5,1,312,145500
0.0,True,7,6,False,True,776,False,7200,1931,0,6,1,270,149000
0.0,True,6,5,False,False,912,False,17503,1948,0,6,1,330,97500
0.0,True,5,7,False,False,849,False,9937,1964,637,7,2,480,167000
233.0,True,7,7,False,False,793,False,12384,1976,0,7,2,550,197900
528.0,True,8,7,True,False,88,False,46589,1994,1361,8,3,711,402000
216.0,True,6,3,False,False,1392,False,13560,1968,0,5,2,576,110000
0.0,True,4,5,False,False,38,False,10012,1972,920,6,2,588,137500
0.0,False,8,5,True,False,356,False,20896,2005,1721,8,3,1134,423000
40.0,True,8,5,True,False,1406,False,11194,2000,0,7,2,504,230500
113.0,True,6,5,False,False,111,True,18450,1965,187,7,2,596,129000
258.0,True,6,5,False,False,270,False,8125,1994,1138,7,2,575,193500
0.0,True,5,6,False,False,200,False,14175,1956,988,6,2,576,168000
0.0,True,4,5,False,False,700,False,11600,1922,0,5,1,252,137500
0.0,True,6,5,True,False,545,False,8633,2005,193,7,2,540,173500
0.0,True,6,6,False,False,121,False,6629,1925,551,6,1,300,103600
0.0,True,6,6,True,False,441,False,11250,1977,767,6,2,546,165000
106.0,True,6,7,False,False,291,False,14442,1957,1186,7,2,416,257500
0.0,True,6,6,False,False,244,False,9200,1965,892,5,1,384,140000
0.0,True,6,6,False,False,544,False,2289,1978,311,7,2,440,148500
0.0,True,4,2,False,False,1095,False,9600,1900,0,8,3,779,87000
0.0,True,5,8,True,False,768,False,9022,1924,0,5,1,240,109500
464.0,False,8,5,True,False,2046,False,11844,2008,0,7,3,834,372500
57.0,True,5,5,False,False,161,False,9945,1961,827,5,2,572,128500
0.0,True,6,5,False,False,261,False,8012,1980,543,5,1,264,143000
0.0,True,5,5,False,False,611,False,4500,1932,182,6,1,281,159434
0.0,True,6,5,False,False,288,False,2887,1996,1003,6,2,431,173000
215.0,True,9,5,True,False,567,False,11248,2002,1059,7,3,702,285000
30.0,True,7,5,True,False,1195,False,16770,1998,0,7,2,486,221000
0.0,True,7,5,True,False,180,False,5062,1984,828,6,2,577,207500
0.0,False,7,6,True,False,874,False,10207,2007,0,7,2,578,227875
0.0,True,7,5,True,False,312,False,5105,2004,239,4,2,480,148800
0.0,False,8,6,True,False,474,False,8089,2007,945,7,2,567,392000
256.0,True,6,5,True,False,1342,False,7577,2005,20,6,2,460,194700
147.0,True,6,5,True,False,151,False,4426,2004,697,3,2,420,141000
1170.0,True,10,6,False,False,989,False,21535,1994,1455,10,3,832,755000
293.0,True,7,5,True,False,245,False,26178,1989,965,9,2,628,335000
0.0,True,5,6,False,False,1073,False,5400,1921,0,4,1,326,108480
0.0,True,5,6,False,True,927,False,6120,1936,0,5,2,576,141500
72.0,True,6,6,False,False,92,False,13811,1987,980,5,2,551,176000
0.0,True,5,7,False,False,0,True,6000,1921,616,4,1,205,89000
0.0,True,5,7,False,False,219,True,6420,1952,210,6,1,308,123500
0.0,True,5,8,False,False,224,False,8450,1965,553,5,1,336,138500
0.0,True,7,5,True,False,1375,False,4282,2004,16,5,2,530,196000
630.0,True,8,5,True,False,526,False,14331,2002,1274,7,3,765,312500
168.0,False,7,5,False,False,1164,False,9600,1969,0,6,2,528,140000
466.0,False,8,5,False,False,1234,False,12438,2006,0,10,3,666,361919
0.0,True,5,9,False,False,360,False,7630,1900,0,8,2,672,140000
109.0,True,7,5,True,False,761,False,8400,2004,712,7,2,606,213000
0.0,True,4,5,False,True,0,False,5600,1930,0,7,0,0,55000
351.0,True,7,5,False,False,424,False,115149,1971,1219,5,2,739,302000
176.0,True,8,5,True,False,461,False,6240,2006,863,6,2,550,254000
0.0,False,7,5,True,False,728,False,9018,2007,0,8,2,400,179540
41.0,True,5,7,False,False,876,False,7162,1966,0,6,1,408,109900
0.0,True,3,6,True,False,270,False,4130,1935,0,5,0,0,52000
0.0,True,4,7,False,False,859,False,8712,1900,0,7,1,384,102776
0.0,True,8,5,True,False,461,False,4671,1988,767,5,2,472,189000
160.0,True,4,5,False,False,171,False,9873,1970,789,6,2,576,129000
289.0,True,6,8,True,False,192,False,13517,1976,533,6,2,475,130500
174.0,True,6,5,False,False,1064,False,10140,1974,0,7,2,478,165000
0.0,True,7,8,False,False,718,False,10800,1890,0,8,2,704,159500
0.0,True,5,6,False,False,92,False,10000,1973,1084,5,2,439,157000
651.0,True,7,5,True,False,138,False,10542,1993,1173,9,3,983,341000
0.0,True,5,6,False,False,448,False,9920,1969,523,5,1,300,128500
0.0,True,8,5,True,False,594,False,6563,1985,1148,5,2,564,275000
169.0,True,6,5,True,False,186,False,4426,2004,662,3,2,420,143000
0.0,True,4,7,False,False,673,False,8120,1970,191,5,2,463,124500
0.0,True,4,6,False,False,941,False,8172,1954,0,7,1,548,135000
340.0,True,9,5,False,False,464,False,13286,2007,1234,8,3,768,320000
0.0,True,4,6,False,False,250,False,6960,1970,375,5,2,660,120500
260.0,True,6,9,True,False,72,False,21695,1988,808,5,2,540,222000
82.0,True,7,5,True,False,508,False,7314,2007,724,6,2,632,194500
95.0,False,5,5,False,False,1584,False,11475,1958,0,9,3,888,110000
0.0,True,4,5,False,False,628,False,6240,1925,152,5,2,539,103000
0.0,True,8,5,True,False,415,False,5389,1995,1180,5,2,608,236500
442.0,True,7,5,True,False,82,False,9590,2003,786,6,2,438,187500
202.0,True,7,5,True,False,901,False,11404,1998,252,8,2,541,222500
0.0,True,5,6,False,False,270,False,10000,1961,594,6,1,264,131400
0.0,True,5,5,False,False,948,False,8978,1968,0,6,1,300,108000
0.0,True,7,7,False,False,490,False,10800,1914,390,6,2,320,163000
0.0,True,3,4,False,False,0,False,8544,1950,0,6,2,400,93500
0.0,True,8,5,True,False,893,False,10463,2005,0,8,3,800,239900
0.0,True,5,5,False,False,0,False,10800,1987,1200,5,0,0,179000
0.0,True,7,5,True,False,864,False,9313,2004,0,7,2,572,190000
0.0,True,5,7,False,False,264,False,9600,1910,0,7,2,360,132000
0.0,True,6,8,False,False,80,False,6768,1961,832,5,1,288,142000
108.0,True,7,5,False,False,1349,False,8450,2000,0,6,2,539,179000
0.0,True,5,6,False,False,76,False,12886,1963,444,6,2,480,175000
0.0,True,8,5,True,False,604,False,5395,1993,733,5,2,462,180000
289.0,True,8,9,False,False,487,False,8963,1976,575,11,2,831,299800
0.0,True,7,5,True,False,652,False,8795,2000,300,8,2,554,236000
0.0,True,7,7,True,False,1240,False,11700,1880,0,8,4,864,265979
338.0,True,7,5,True,False,801,False,10593,1996,919,7,2,527,260400
0.0,True,4,3,False,False,0,False,8405,1945,0,9,1,240,98000
0.0,True,4,7,False,False,576,False,8800,1910,0,7,0,0,96500
0.0,True,7,5,True,False,660,False,7750,2003,0,6,2,400,162000
0.0,True,6,5,False,False,279,False,9236,1997,1200,6,2,576,217000
178.0,True,8,5,True,False,1030,False,10240,2005,0,8,3,878,275500
0.0,True,6,8,False,False,115,False,7930,1969,439,5,2,440,156000
894.0,True,6,5,False,False,348,False,3230,1999,381,6,2,440,172500
0.0,True,8,5,True,False,846,False,10769,2007,20,7,2,578,212000
328.0,True,6,5,False,False,234,False,11616,1978,438,6,2,440,158900
360.0,True,7,5,False,False,195,False,2280,1999,549,6,2,440,179400
513.0,True,8,5,True,False,1198,True,12257,1995,56,9,3,752,290000
0.0,True,6,6,False,False,252,False,9100,1959,612,5,1,300,127500
0.0,True,5,5,False,False,740,True,6911,1924,405,5,2,440,100000
0.0,False,7,5,False,False,732,False,8640,2009,24,7,2,614,215200
673.0,True,8,5,True,False,89,False,9430,1999,1163,8,3,856,337000
0.0,True,8,5,True,False,0,True,9549,1995,437,6,2,481,270000
284.0,False,9,5,True,False,1498,False,14587,2008,0,6,2,592,264132
42.0,True,7,5,False,False,586,False,10421,1988,394,7,2,496,196500
0.0,True,6,7,False,False,323,False,12508,1940,660,7,1,423,160000
0.0,True,7,5,True,False,1836,False,9100,2004,24,8,2,484,216837
603.0,True,8,5,False,False,234,False,53504,2003,1416,12,3,841,538000
0.0,True,5,5,False,False,173,False,7252,1982,685,5,2,576,134900
0.0,False,4,5,False,False,0,True,8877,1951,836,6,2,396,102000
0.0,True,6,5,False,False,480,False,7819,1976,422,6,2,672,107000
1.0,False,5,5,False,False,456,False,10150,1958,456,5,1,275,114500
375.0,False,8,5,True,False,1935,False,14226,2006,0,9,3,895,395000
320.0,True,6,5,False,False,338,False,4500,1998,866,5,2,412,162000
240.0,False,7,5,True,False,1594,False,11210,2005,20,7,3,865,221500
0.0,True,5,5,False,False,102,False,13350,1974,762,5,2,440,142500
320.0,True,5,5,False,False,0,False,8400,1977,0,10,2,630,144000
90.0,True,6,5,False,False,0,False,10530,1977,975,4,2,504,135000
38.0,True,7,5,False,False,1237,False,7875,1995,0,6,2,402,176000
0.0,True,6,5,True,False,374,False,7153,1992,387,7,2,484,175900
0.0,True,7,5,True,False,1413,False,16285,2001,0,6,2,605,187100
104.0,True,5,6,False,False,0,False,9101,1978,1097,4,2,602,165500
0.0,True,6,6,False,False,742,False,6300,1914,0,9,0,0,128000
0.0,True,6,5,False,False,491,False,9790,1967,251,7,2,457,161500
0.0,True,5,6,False,False,0,True,10800,1915,686,7,1,416,139000
0.0,True,7,5,True,False,300,False,10142,2004,656,8,2,618,233000
0.0,True,4,7,False,False,901,False,6000,1954,0,4,1,281,107900
157.0,True,6,8,False,False,264,True,12205,1966,568,9,2,444,187500
11.0,True,7,5,True,False,1129,False,3182,2005,16,5,2,397,160200
0.0,True,6,5,False,False,490,False,11333,1976,539,5,2,539,146800
0.0,True,7,5,True,False,255,False,9920,1996,862,8,2,455,269790
140.0,False,8,5,True,False,1496,False,9158,2007,0,7,2,474,225000
0.0,True,7,5,True,False,712,False,10832,1994,0,7,2,409,194500
130.0,True,6,6,False,False,650,False,8400,1980,0,7,2,476,171000
148.0,True,6,5,False,False,660,False,8197,1977,0,7,2,528,143500
0.0,True,5,5,False,False,203,False,7677,1953,570,4,1,240,110000
860.0,False,9,5,False,False,1926,False,13518,2008,0,11,3,820,485000
252.0,True,5,7,False,False,162,False,7200,1937,569,7,1,240,175000
0.0,True,6,5,False,False,154,False,12798,1997,462,8,2,603,200000
0.0,True,4,7,False,False,999,True,4800,1916,197,5,2,440,109900
0.0,True,7,5,True,False,80,False,8199,2005,648,7,2,410,189000
424.0,False,9,5,False,False,1734,False,13891,2008,0,12,3,1020,582933
0.0,True,5,5,False,False,124,True,9000,1954,812,5,1,286,118000
256.0,False,7,5,True,False,1417,False,12274,2008,0,6,2,554,227680
0.0,True,5,5,False,False,100,False,9750,1967,400,6,1,384,135500
0.0,True,5,6,False,False,15,False,21384,1923,1309,6,2,528,223500
1047.0,True,5,5,False,False,380,False,13400,1966,516,6,2,484,159950
0.0,True,5,5,False,False,849,False,8100,1898,0,11,2,360,106000
99.0,True,6,6,False,False,0,False,10140,1974,663,5,2,484,181000
169.0,False,6,5,True,False,186,False,4438,2004,662,4,2,420,144500
0.0,True,5,5,False,False,540,False,8712,1952,0,4,2,504,55993
243.0,False,6,6,False,False,834,False,9750,1958,608,7,1,301,157900
0.0,True,5,7,False,False,686,False,8248,1918,0,7,1,280,116000
442.0,True,7,5,False,False,1649,False,12137,1998,0,6,2,598,224900
0.0,True,5,6,False,False,522,False,11425,1954,486,4,1,275,137000
148.0,True,8,5,True,False,350,False,13265,2002,1218,7,3,857,271000
80.0,True,6,7,False,False,506,False,8816,1971,504,6,2,440,155000
128.0,False,7,5,True,False,625,False,6371,2009,733,6,2,484,224000
0.0,True,7,5,True,False,798,False,7226,2003,0,6,2,595,183000
0.0,True,4,4,False,False,936,False,6000,1953,0,4,2,576,93000
0.0,True,7,5,True,False,847,False,12394,2003,0,7,2,433,225000
0.0,True,6,7,False,False,778,False,9900,1940,0,7,1,240,139500
0.0,False,8,5,True,False,1489,False,11216,2006,0,7,2,776,232600
816.0,False,10,5,False,False,442,False,14803,2007,1636,7,3,1220,385000
0.0,True,5,6,False,False,0,False,6130,1924,784,5,0,0,109500
0.0,True,7,5,True,False,1434,False,8529,2001,20,6,2,527,189000
0.0,True,5,5,False,False,0,True,28698,1967,249,7,2,538,185000
0.0,True,7,5,True,False,600,False,2544,2005,0,4,2,480,147400
387.0,True,6,5,False,False,352,False,11900,1957,1040,6,2,458,166000
0.0,True,7,5,False,False,600,False,3180,2005,0,4,2,480,151000
223.0,True,7,6,True,False,458,False,9548,2003,483,7,2,613,237000
180.0,True,6,6,False,False,975,False,10004,1964,196,6,2,472,167000
136.0,True,5,6,False,False,572,False,7875,1961,572,6,2,456,139950
0.0,True,4,7,False,False,625,False,9600,1950,442,4,2,436,128000
0.0,False,5,6,False,False,1221,False,8100,1948,338,5,2,812,153500
158.0,True,6,5,False,False,153,False,1680,1973,330,5,1,264,100000
0.0,True,5,6,False,False,1099,False,9525,1995,0,6,1,352,144000
0.0,True,5,6,False,False,416,False,11767,1946,352,6,1,240,130500
0.0,True,6,8,False,False,516,False,12155,1925,156,7,1,400,140000
0.0,True,5,8,False,False,650,False,10440,1904,0,8,2,686,157500
183.0,True,6,7,False,False,276,False,9020,1966,312,6,2,490,174900
0.0,True,5,4,False,False,1800,False,8000,1961,0,10,0,0,141000
0.0,True,5,8,False,False,876,False,12665,1915,0,7,3,720,153900
0.0,True,5,5,False,False,0,False,16647,1975,1390,6,2,611,171000
137.0,True,7,5,True,False,227,False,9317,1993,513,7,2,425,213000
0.0,True,5,6,False,False,404,False,15523,1972,460,5,1,338,133500
0.0,True,6,8,False,False,907,False,45600,1908,0,10,2,360,240000
360.0,True,6,7,True,False,528,False,9600,1976,0,7,2,512,187000
170.0,True,6,5,True,False,189,False,4435,2003,659,3,2,420,131500
40.0,True,8,5,True,False,1273,False,3196,2003,0,7,2,400,215000
0.0,True,7,5,False,False,554,False,7128,1941,364,7,1,240,164000
115.0,True,6,6,False,False,563,False,12095,1964,564,7,2,645,158000
0.0,True,5,4,False,False,372,False,17920,1955,306,6,2,454,170000
0.0,True,5,8,False,False,381,False,6897,1962,659,6,1,260,127000
0.0,True,6,6,False,False,0,False,10970,1978,505,5,2,576,147000
0.0,True,6,5,False,False,702,False,8125,1994,0,6,2,343,174000
189.0,True,7,5,False,False,1090,False,10400,1976,0,6,2,479,152000
220.0,True,6,7,False,False,435,False,11029,1968,619,9,2,619,250000
0.0,True,7,8,True,False,912,False,7642,1918,0,7,1,216,189950
0.0,True,5,4,False,False,198,False,11625,1965,841,6,2,504,131500
0.0,True,6,5,False,False,702,False,9672,1984,338,6,2,480,152000
0.0,True,5,5,False,False,0,False,7931,1959,1148,6,1,672,132500
0.0,False,7,5,True,False,1372,False,8640,2007,0,6,2,529,250580
76.0,True,5,6,False,False,174,False,8750,1970,828,5,2,902,148500
274.0,False,8,5,True,False,1638,False,10656,2006,0,6,3,870,248900
0.0,True,4,5,False,False,108,False,6970,1961,932,5,2,544,129000
0.0,True,5,6,False,False,0,False,14762,1948,0,7,2,672,169000
246.0,True,7,5,True,False,300,False,9938,1993,750,8,2,574,236000
0.0,True,5,5,False,False,894,False,6600,1962,0,5,1,308,109500
116.0,True,6,5,False,False,299,False,8750,1998,505,7,2,523,200500
0.0,True,5,7,True,False,105,False,8892,1953,0,5,2,414,116000
0.0,True,5,7,True,False,457,False,12144,1949,375,6,1,288,133000
0.0,True,5,6,False,False,676,False,5720,1941,0,5,1,200,66500
0.0,False,8,5,True,False,1120,False,9000,2007,64,11,2,550,303477
0.0,True,4,5,False,False,431,False,25286,1963,633,5,2,648,132250
216.0,True,9,5,True,False,292,False,8834,2004,1170,10,3,738,350000
0.0,True,5,7,False,False,210,False,11782,1961,899,6,2,576,148000
90.0,True,5,8,True,False,218,False,7000,1978,646,6,1,336,136500
0.0,True,5,5,False,False,110,False,7024,2005,980,5,2,450,157000
117.0,True,7,5,True,False,254,True,13758,1990,902,7,2,400,187500
0.0,True,6,5,False,False,808,False,9636,1992,0,7,2,389,178000
0.0,True,4,5,True,False,795,False,6204,1912,0,10,1,440,118500
60.0,True,5,5,False,False,460,False,7150,1967,432,5,1,288,100000
60.0,False,9,5,True,False,460,False,5119,1999,1238,5,2,506,328900
122.0,True,5,5,False,False,1098,True,8393,1959,528,8,2,588,145000
0.0,True,5,7,False,False,816,False,16466,1955,0,8,1,300,135500
0.0,True,8,6,True,False,1043,False,15865,1970,351,8,2,621,268000
90.0,True,6,4,False,False,481,False,12160,1953,1024,6,2,505,149500
0.0,True,5,7,False,False,672,False,8064,1949,0,6,2,576,122900
92.0,True,6,5,False,False,192,True,11184,1978,226,7,2,440,172500
0.0,True,6,8,False,False,396,False,8414,1963,663,6,1,264,154500
0.0,True,5,5,False,False,319,False,13284,1954,1064,6,1,354,165000
0.0,True,5,5,False,False,0,False,7018,1979,0,8,2,400,118858
415.0,True,6,5,False,False,380,False,7056,1963,400,8,2,483,140000
0.0,True,4,6,False,False,666,False,8765,1936,285,6,1,327,106500
0.0,True,5,5,False,False,0,False,7018,1979,0,12,2,528,142953
760.0,False,9,5,False,False,142,False,12919,2009,2188,11,3,820,611657
0.0,True,5,7,False,False,447,False,6993,1961,465,6,1,288,135000
0.0,True,4,6,False,False,536,False,7340,1971,322,4,1,684,110000
0.0,True,5,7,False,False,132,False,8712,1957,860,5,1,756,153000
0.0,True,7,5,True,False,783,False,7875,2003,0,8,2,393,180000
27.0,False,7,5,True,False,1670,False,14859,2006,0,7,3,690,240000
75.0,True,5,6,False,False,277,False,6173,1967,599,6,1,288,125500
110.0,True,5,5,False,False,412,False,9920,1954,354,6,1,280,128000
208.0,True,8,5,True,False,1560,False,13501,2006,63,8,3,865,255000
0.0,True,7,7,True,False,794,False,11500,1936,223,6,1,180,250000
0.0,True,5,5,False,False,239,False,8885,1983,301,5,2,484,131000
0.0,True,6,5,True,False,742,False,12589,2005,0,8,2,390,174000
361.0,True,5,5,False,False,662,False,11600,1960,443,12,2,480,154300
0.0,True,5,7,False,False,1072,False,9286,1977,196,5,1,252,143500
0.0,True,5,7,False,False,279,False,6120,1925,489,6,1,450,88000
0.0,True,5,6,False,False,717,False,6270,1949,284,8,3,871,145000
76.0,False,6,5,True,False,318,False,3000,2009,294,4,2,528,173733
80.0,True,4,5,False,False,546,False,2001,1970,0,6,1,286,75000
0.0,True,2,3,False,False,430,False,9000,1949,50,4,1,308,35311
0.0,True,4,6,False,False,75,False,17140,1956,1059,6,1,284,135000
0.0,True,7,5,True,False,422,False,13125,1991,48,8,3,833,238000
0.0,True,6,8,False,False,245,False,11029,1958,528,6,2,601,176500
105.0,True,6,5,True,False,114,False,8462,1994,814,7,2,471,201000
0.0,True,5,7,False,False,188,False,8777,1900,1084,9,0,0,145900
0.0,False,6,5,True,False,1288,False,10237,2005,28,6,2,397,169990
0.0,True,6,5,True,False,598,True,8012,1993,165,5,2,533,193000
157.0,True,6,6,False,False,0,False,10240,1980,625,7,2,612,207500
0.0,True,5,6,False,False,266,False,15611,1977,767,6,2,540,175000
340.0,True,8,5,True,False,1181,False,11999,2003,0,10,3,656,285000
342.0,True,7,5,False,False,280,False,9900,1968,552,9,2,486,176000
0.0,True,8,5,True,False,1753,False,11838,2001,0,7,2,522,236500
285.0,True,7,5,False,False,964,False,13006,1997,0,8,2,642,222000
0.0,True,8,5,True,False,1450,False,8925,2007,16,7,3,610,201000
0.0,True,5,6,False,False,121,False,9100,1965,338,5,1,429,117500
302.0,True,9,5,False,False,1905,False,11670,2006,0,8,3,788,320000
210.0,True,7,5,True,False,1480,False,8487,2004,20,6,2,570,190000
0.0,True,7,7,False,False,160,False,27650,1960,425,9,2,505,242000
108.0,True,4,5,False,False,600,False,5825,1926,0,5,2,528,79900
0.0,True,7,5,True,False,343,False,10083,2003,833,5,2,555,184900
0.0,True,7,5,True,False,772,False,9675,2005,341,8,2,689,253000
0.0,False,7,5,True,False,927,False,8760,2006,464,7,3,868,239799
0.0,False,7,7,False,False,1032,False,24090,1940,0,10,1,349,244400
0.0,True,6,5,False,False,396,False,12640,1976,936,8,2,574,150900
298.0,True,7,5,True,False,220,False,8755,1999,772,8,2,390,214000
0.0,False,4,3,False,False,0,False,7711,1977,1440,8,0,0,150000
0.0,True,5,4,False,False,1632,False,25000,1967,0,8,2,576,143000
541.0,False,6,6,False,False,354,False,14375,1958,111,7,2,525,137500
0.0,True,5,6,False,False,0,True,8820,1890,1088,7,2,456,124900
128.0,True,5,6,False,False,102,False,8163,1959,748,6,1,796,143000
236.0,True,8,5,True,False,316,False,14536,2002,1300,9,3,808,270000
144.0,True,7,5,True,False,936,False,14006,2002,0,7,2,474,192500
0.0,True,6,7,False,False,179,False,9360,1972,982,5,2,676,197500
0.0,True,5,8,False,False,317,False,7200,1950,398,5,2,720,129000
0.0,True,5,5,False,False,187,False,7800,1965,641,6,1,300,119900
0.0,True,5,8,False,False,108,False,7200,1972,660,5,1,396,133900
232.0,True,5,4,False,False,29,False,11075,1969,562,7,2,530,172000
250.0,True,6,5,False,False,0,False,9400,1975,945,4,0,0,127500
423.0,True,6,6,False,False,495,False,7136,1946,484,8,2,492,145000
0.0,True,6,6,False,False,276,False,1300,1980,285,5,2,462,124000
0.0,True,5,5,False,False,640,False,7420,1962,417,6,2,576,132000
0.0,True,7,5,True,False,638,False,8450,2003,699,6,2,531,185000
0.0,True,7,5,True,False,92,False,2572,1999,604,6,2,484,155000
0.0,True,5,7,False,False,162,False,7207,1958,696,4,0,0,116500
424.0,True,6,7,False,False,434,False,12227,1977,896,11,2,619,272000
0.0,True,6,6,False,False,248,False,2308,1976,556,7,2,440,155000
0.0,True,9,5,True,False,1800,False,11923,2007,0,7,2,702,239000
44.0,True,7,5,True,False,193,False,11316,2002,624,8,2,510,214900
0.0,False,6,5,True,False,783,False,10237,2005,0,8,2,393,178900
0.0,True,5,7,True,False,300,False,9600,1940,428,7,1,256,160000
151.0,True,5,7,False,False,196,False,7390,1955,902,6,1,260,135000
0.0,True,3,6,False,False,600,False,5925,1910,0,6,0,0,37900
105.0,False,6,5,False,True,75,False,10382,1958,513,6,1,264,140000
0.0,True,4,4,False,False,720,False,10800,1949,0,6,0,0,135000
106.0,True,7,5,True,False,197,False,2268,2003,567,6,2,474,173000
0.0,True,6,5,False,False,918,False,7892,1979,0,5,1,264,99500
0.0,False,7,5,True,False,1428,False,11639,2007,0,6,2,480,182000
0.0,True,7,8,False,False,728,False,11414,1910,0,8,2,532,167500
0.0,True,7,5,True,False,32,False,2651,2000,641,6,2,490,165000
0.0,True,4,7,False,False,440,False,5900,1923,0,4,0,0,85500
0.0,False,7,5,True,False,135,False,4274,2006,1106,4,2,569,199900
0.0,True,4,5,False,False,342,True,9450,1954,552,5,2,400,110000
0.0,True,5,6,False,False,470,False,8816,1963,651,5,2,480,139000
210.0,True,7,9,False,False,77,False,12122,1961,867,6,2,588,178400
975.0,True,8,5,True,False,371,False,12203,1998,854,8,3,676,336000
16.0,True,7,5,True,False,1266,False,3182,2007,0,6,2,388,159895
0.0,True,8,5,True,False,1128,False,11250,2002,0,9,2,779,255900
0.0,False,5,5,False,False,0,False,10125,1977,0,8,2,539,126000
0.0,False,5,5,False,False,124,False,10880,1950,1040,5,1,240,125000
0.0,True,6,8,False,False,485,False,5310,1910,0,5,1,255,117000
450.0,False,9,5,False,False,284,False,10159,2009,1646,8,3,606,395192
298.0,True,6,6,False,False,692,True,12046,1976,156,8,2,551,195000
0.0,False,7,5,True,False,770,False,8125,2006,0,6,2,614,197000
423.0,True,8,5,True,False,322,False,9452,1997,1074,7,3,870,348000
0.0,True,8,9,True,False,700,False,17671,1882,216,8,2,424,168000
340.0,True,6,8,False,False,169,False,9760,1964,536,7,2,440,187000
0.0,False,6,5,False,False,750,False,8846,2005,0,6,2,564,173900
230.0,True,10,5,False,False,528,False,12456,2006,1172,7,3,786,337500
0.0,True,4,7,False,False,363,False,4712,1946,384,5,1,305,121600
0.0,False,5,6,False,False,135,False,10659,1961,915,6,1,368,136500
571.0,True,6,6,False,False,1442,False,11717,1970,0,6,2,615,185000
0.0,True,3,4,False,False,1007,False,9786,1922,0,6,1,210,91000
24.0,True,7,5,True,False,501,False,6762,2006,686,6,2,632,206000
0.0,True,3,3,False,False,0,False,10206,1952,0,4,2,528,82000
0.0,True,5,6,False,False,691,False,5400,1920,0,4,1,216,86000
53.0,True,8,5,True,False,1550,False,11957,2006,24,7,3,824,232000
164.0,True,5,6,False,False,1680,False,11500,1976,0,8,2,528,136905
16.0,True,7,5,True,False,1330,False,3182,2005,16,7,2,457,181000
220.0,True,5,8,True,False,390,False,8385,1977,595,6,1,328,149900
0.0,True,6,3,False,False,420,True,12155,1970,1237,7,2,484,163500
0.0,True,4,4,False,False,0,False,2217,1970,273,6,1,286,88000
108.0,True,7,5,True,False,1710,False,12118,2004,0,7,2,550,240000
0.0,True,5,5,False,True,1008,False,6000,1926,0,7,0,0,102000
0.0,True,5,5,False,False,720,False,21286,1948,0,7,1,312,135000
0.0,True,5,5,False,False,0,False,9825,1965,0,8,0,0,100000
0.0,True,6,7,False,False,602,False,10592,1923,0,7,1,180,165000
0.0,True,5,4,False,False,310,False,7200,1910,247,4,1,280,85000
206.0,True,6,5,False,False,746,False,11664,1948,336,5,1,240,119200
0.0,True,8,6,True,False,167,False,8400,2001,643,6,2,528,227000
196.0,True,7,5,True,False,814,False,11883,1996,690,6,2,478,203000
0.0,False,8,5,True,False,184,False,5814,1984,1036,4,2,565,187500
76.0,True,7,5,True,False,384,False,10784,1991,0,7,2,402,160000
145.0,True,7,5,True,False,1346,False,3013,2005,16,6,2,440,213490
0.0,True,4,5,False,False,108,False,7024,2005,1024,5,2,451,176000
84.0,False,7,5,True,False,515,False,7406,2006,684,6,2,632,194000
0.0,True,5,5,False,False,588,True,9439,1930,324,6,1,160,87000
14.0,True,7,5,True,False,1330,False,3182,2005,16,7,2,437,191000
0.0,False,8,6,True,False,0,False,15498,1976,1165,10,2,665,287000
0.0,True,5,5,False,False,276,True,7700,1972,138,5,2,461,112500
324.0,True,5,5,False,False,571,False,9300,1960,697,6,2,461,167500
338.0,False,8,5,True,False,125,False,9520,2007,1513,7,3,800,293077
0.0,True,5,5,False,False,359,False,9492,1941,368,6,1,240,105000
281.0,True,6,7,False,False,355,False,1680,1972,317,7,1,264,118000
0.0,True,5,8,False,False,686,False,7082,1916,0,10,0,0,160000
0.0,True,7,3,False,False,301,False,15863,1920,523,12,2,672,197000
0.0,True,8,7,True,False,326,False,14541,1993,1012,10,3,796,310000
295.0,True,7,5,True,False,668,False,8125,2002,986,6,3,900,230000
0.0,True,5,7,False,False,920,False,6305,1938,0,5,1,240,119750
0.0,True,4,3,False,False,0,False,11500,1957,0,5,1,290,84000
70.0,True,9,5,True,False,598,False,12898,2007,1022,6,3,912,315500
396.0,True,8,5,True,False,1055,False,9240,2001,0,7,2,905,287000
0.0,True,4,6,False,False,546,False,1533,1970,0,6,0,0,97000
0.0,True,4,4,False,False,121,False,1477,1970,509,3,1,286,80000
67.0,True,5,4,False,False,284,False,13125,1957,168,8,2,484,155000
252.0,True,6,8,False,False,336,False,9130,1966,400,7,2,484,173000
135.0,True,6,5,True,False,406,False,5381,2005,900,5,2,624,196000
99.0,True,7,5,False,False,390,False,11839,1990,1085,10,2,514,262280
0.0,True,8,5,True,False,1420,False,9600,1981,1104,9,2,542,278000
0.0,True,3,5,False,False,0,False,13680,1955,0,8,2,452,139600
208.0,False,9,5,True,False,1752,False,16056,2005,240,11,3,716,556581
0.0,True,5,5,False,False,304,False,9245,1994,686,5,2,672,145000
75.0,True,5,4,False,True,0,False,21750,1960,0,9,2,336,115000
0.0,True,4,7,False,False,0,False,11100,1946,0,6,1,308,84900
0.0,False,7,5,True,False,1302,False,8993,2007,0,6,2,436,176485
0.0,False,7,5,True,False,1316,False,11175,2007,0,6,2,440,200141
272.0,True,6,6,False,False,374,False,9500,1964,442,9,2,540,165000
145.0,True,5,6,False,False,833,False,8562,1957,383,7,1,364,144500
210.0,True,8,5,True,False,133,False,11367,2002,932,7,2,586,255000
160.0,False,6,5,False,False,549,False,11361,1976,644,7,2,478,180000
240.0,True,7,5,True,False,705,False,7052,2005,659,6,2,484,185850
0.0,True,7,6,True,False,378,False,29959,1994,595,7,2,467,248000
154.0,True,9,5,False,False,168,False,11308,2008,936,10,3,836,335000
480.0,True,6,7,False,False,0,False,11275,1932,297,7,2,432,220000
0.0,True,8,5,True,False,722,False,4920,2001,616,6,2,582,213500
0.0,False,3,4,False,False,894,False,18000,1935,0,6,3,1248,81000
0.0,True,5,5,False,False,662,False,13600,1900,0,10,2,560,90000
0.0,True,6,6,False,False,706,False,6000,1925,397,5,2,440,110500
200.0,True,5,6,False,False,184,False,11000,1966,740,6,2,480,154000
0.0,True,7,5,True,False,105,False,14000,1996,1201,7,2,533,328000
0.0,True,6,7,True,False,799,False,7837,1993,0,7,2,380,178000
360.0,True,6,6,False,False,0,False,9760,1964,674,7,2,442,167900
0.0,True,6,4,False,False,105,False,3964,1973,837,10,2,576,151400
0.0,True,5,7,False,False,625,False,9600,1949,220,4,2,576,135000
120.0,True,5,5,False,False,462,False,10152,1956,586,6,1,286,135000
0.0,True,6,6,False,False,429,False,11700,1968,298,8,2,441,154000
0.0,True,5,3,False,False,810,False,7585,1948,0,7,1,280,91500
140.0,True,6,6,False,False,155,False,7950,1977,535,6,2,440,159500
0.0,True,7,5,True,False,1240,False,8556,2006,0,5,3,826,194000
0.0,False,7,6,False,False,390,False,13125,1940,410,6,1,240,219500
0.0,True,5,8,False,False,170,False,10800,1936,626,7,2,566,170000
0.0,True,5,5,False,False,230,False,15870,1969,75,6,1,299,138800
169.0,True,6,5,True,False,186,False,4435,2004,662,3,2,420,155900
0.0,True,5,5,False,False,495,False,8775,1994,495,5,1,299,126000
144.0,False,6,7,True,False,602,False,11040,1971,656,5,2,528,145000
0.0,True,5,5,False,False,216,False,7500,1963,824,5,1,308,133000
100.0,True,7,5,True,False,1459,False,8749,2002,0,6,2,527,192000
425.0,True,6,6,False,False,698,False,8800,1964,553,6,1,461,160000
0.0,True,6,5,False,False,99,False,13031,1995,592,6,2,409,187500
0.0,True,6,6,False,False,189,False,9069,1992,747,5,2,564,147000
0.0,True,4,5,False,False,212,False,1974,1973,334,6,1,286,83500
0.0,True,8,5,True,False,1082,False,10574,2005,0,9,3,1043,252000
50.0,True,7,5,True,False,970,False,2522,2004,0,7,2,380,137500
0.0,True,8,5,True,False,208,False,3316,2005,1039,4,2,550,197000
0.0,True,3,4,False,False,0,False,8544,1950,0,6,2,400,92900
212.0,True,7,5,True,False,90,False,2160,1999,510,4,2,462,160000
0.0,True,6,5,False,False,758,False,8400,1925,423,7,2,576,136500
166.0,True,5,8,False,False,203,False,9230,1965,661,6,2,884,146000
0.0,True,5,7,False,False,448,False,5868,1956,248,4,1,308,129000
0.0,True,6,5,True,False,1290,False,9317,2006,24,6,2,440,176432
0.0,True,6,7,False,False,684,False,6882,1914,0,7,0,0,127000
0.0,True,8,5,True,False,1074,False,3696,1986,0,5,2,461,170000
0.0,True,4,6,False,False,0,False,6000,1936,672,6,1,240,128000
206.0,False,7,5,False,False,567,False,11880,1978,704,7,2,478,157000
0.0,True,2,5,False,False,0,False,8400,1920,290,3,1,246,60000
0.0,True,5,5,False,False,251,False,9758,1971,412,5,1,280,119500
45.0,True,5,7,False,False,422,False,7000,1960,588,6,1,254,135000
0.0,True,6,6,False,False,0,False,8910,1959,655,6,2,539,159500
304.0,True,5,5,False,False,630,False,2016,1970,0,6,2,440,106000
362.0,True,8,5,True,False,431,False,12256,1994,1032,9,2,712,325000
0.0,True,7,5,True,False,172,False,10357,1990,738,6,2,719,179900
0.0,False,7,5,True,False,868,False,23257,2006,0,9,2,422,274725
0.0,True,6,5,False,False,924,False,8063,2000,0,7,2,463,181000
42.0,True,8,5,True,False,797,False,11362,2004,1039,7,3,862,280000
0.0,True,6,5,False,False,554,False,8000,1995,219,8,2,431,188000
660.0,True,7,6,False,False,400,False,10480,1976,403,8,2,483,205000
0.0,True,5,7,False,False,108,False,7100,1957,708,5,1,308,129900
0.0,True,5,7,False,False,365,False,8923,1953,643,6,1,240,134500
0.0,True,5,7,False,False,418,False,5400,1954,415,4,1,326,117000
328.0,False,8,5,True,False,730,False,12085,2007,1004,7,3,928,318000
0.0,True,8,5,True,False,55,False,7750,2002,353,7,2,527,184100
0.0,True,5,7,False,False,192,False,9764,1967,702,5,2,450,130000
0.0,True,5,6,False,False,533,False,13825,1958,0,6,1,300,140000
0.0,True,5,5,False,False,671,True,7560,1959,369,6,1,286,133700
0.0,True,6,5,False,False,1012,False,8263,1920,0,6,1,308,118400
196.0,False,7,5,True,False,1528,False,10084,2005,24,7,3,782,212900
0.0,False,4,3,False,False,672,False,8926,1956,0,5,1,288,112000
0.0,True,5,9,False,False,698,False,9405,1947,0,4,0,0,118000
170.0,True,7,5,False,False,384,False,9125,1992,0,7,2,392,163900
0.0,True,4,5,False,False,1005,False,10434,1955,0,5,2,672,115000
130.0,True,7,5,True,False,1373,False,3684,2007,0,7,3,660,174000
0.0,True,7,5,True,False,230,False,14572,2004,1300,7,3,630,259000
0.0,True,7,5,True,False,847,False,11796,2004,0,8,2,434,215000
180.0,True,5,5,False,False,0,False,7200,1980,936,4,2,672,140000
0.0,True,4,3,False,False,500,False,7804,1928,622,7,2,576,135000
0.0,False,5,5,False,False,762,False,10712,1991,212,5,0,0,93500
0.0,True,6,4,False,False,1008,False,9900,1880,0,8,1,205,117500
0.0,True,8,5,True,False,544,False,9828,1995,584,8,2,466,239500
0.0,True,6,5,False,False,916,False,8773,1997,0,7,2,460,169000
0.0,True,6,5,False,False,960,False,6180,1926,0,5,1,180,102000
0.0,True,6,5,False,False,752,False,9600,1950,280,6,1,288,119000
0.0,True,5,8,False,False,780,False,6342,1875,0,6,0,0,94000
0.0,True,6,5,False,False,0,False,9819,1977,1567,5,2,714,196000
0.0,True,5,5,False,True,270,False,8731,1920,645,6,2,495,144000
0.0,False,5,7,False,False,100,False,7350,1951,852,4,2,840,139000
44.0,True,5,7,False,False,399,False,10304,1976,381,9,2,484,197500
340.0,False,8,5,True,False,316,False,9965,2006,1150,11,3,1052,424870
0.0,True,5,3,False,False,718,False,9000,1959,288,5,0,0,80000
0.0,True,4,4,False,True,324,False,12180,1941,348,5,1,280,80000
0.0,True,5,6,False,False,1042,False,6240,1928,0,8,1,225,149000
85.0,True,6,5,True,False,40,False,11200,1985,1258,5,2,403,180000
0.0,True,7,7,False,False,429,False,12000,1941,275,7,1,234,174500
0.0,True,7,7,False,False,572,False,5700,1926,0,5,1,288,116900
0.0,True,7,9,False,False,26,False,9000,1920,624,7,2,324,143000
0.0,True,6,5,False,False,932,False,8280,1950,0,4,1,306,124000
132.0,True,5,4,False,False,1290,False,17755,1959,176,6,2,528,149900
0.0,True,6,7,False,False,230,False,14115,1956,296,6,2,470,230000
0.0,True,6,8,True,False,278,False,5890,1930,538,5,1,432,120500
288.0,True,7,6,False,False,410,False,13700,1965,454,8,2,492,201800
0.0,True,5,8,True,False,280,False,10768,1976,1157,6,2,528,218000
0.0,True,5,8,False,False,586,False,9350,1965,633,6,2,502,179900
166.0,True,7,5,True,False,410,False,5001,2007,904,6,2,626,230000
186.0,False,8,5,True,False,1580,False,11932,2007,0,7,3,830,235128
270.0,True,6,6,True,False,459,False,9120,1974,442,8,2,540,185000
0.0,True,6,5,False,False,544,False,2280,1978,311,7,2,440,146000
72.0,True,6,7,True,False,568,False,14778,1954,728,7,2,924,224000
0.0,True,5,5,False,False,402,False,8724,1968,492,5,2,450,129000
0.0,True,4,4,False,False,0,False,12900,1969,1198,6,2,400,108959
0.0,True,5,7,False,False,289,False,16157,1978,680,5,2,588,194000
268.0,False,7,5,True,False,1502,False,9541,2009,0,7,2,644,233170
72.0,True,8,5,True,False,1694,False,10475,2008,0,7,3,776,245350
0.0,True,6,5,False,False,173,False,10852,2000,786,7,2,472,173000
0.0,True,6,7,False,False,501,False,13728,1935,626,7,2,540,235000
1378.0,True,10,5,True,False,543,False,35760,1995,1387,10,3,807,625000
0.0,True,6,6,False,False,574,False,9880,1977,522,6,1,358,171000
0.0,True,6,6,False,False,599,False,9120,1958,662,6,2,433,163000
0.0,True,7,5,True,False,625,False,4017,2006,0,5,2,625,171900
0.0,True,5,6,False,False,977,False,18030,1946,152,12,0,0,200500
0.0,True,6,8,False,False,449,False,16560,1932,503,9,2,360,239000
337.0,True,8,5,True,False,983,False,10678,1992,700,9,2,541,285000
0.0,True,5,5,False,False,218,False,6951,1984,658,5,1,264,119500
0.0,True,6,8,False,False,350,False,3950,1926,468,5,1,210,115000
0.0,True,5,6,False,False,731,False,7681,1921,0,7,1,186,154900
0.0,True,5,5,False,False,0,False,8335,1954,0,5,0,0,93000
0.0,True,7,5,False,False,0,True,11170,1990,1216,8,2,693,250000
186.0,False,8,5,False,False,120,False,5587,2008,1480,5,2,482,392500
0.0,True,10,5,True,False,300,False,15623,1996,2096,10,3,813,745000
0.0,True,5,6,False,False,299,False,10800,1920,821,5,2,720,120000
226.0,True,5,4,False,False,413,False,35133,1963,1159,5,3,995,186700
0.0,True,5,7,False,False,392,False,9738,1924,392,7,1,392,104900
0.0,True,3,5,False,False,538,False,10615,1900,440,7,2,420,95000
0.0,True,8,5,True,False,168,False,12461,1994,1456,5,3,757,262000
95.0,True,7,5,True,False,831,False,8935,2002,0,7,2,493,195000
0.0,True,7,5,False,False,994,False,7500,1999,0,7,2,442,189000
149.0,True,4,4,False,False,90,False,32463,1961,1159,7,4,1356,168000
456.0,True,8,5,True,False,776,False,2645,1999,0,5,2,492,174000
0.0,True,5,8,False,False,702,False,9600,1925,0,6,1,250,125000
425.0,True,6,5,False,False,341,False,4500,1999,883,5,2,402,165000
143.0,True,6,7,False,False,292,False,9364,1969,371,7,1,299,158000
0.0,True,6,5,False,False,728,False,8029,2005,0,8,2,400,176000
0.0,False,7,5,True,False,879,False,14054,2006,0,9,3,660,219210
0.0,False,7,6,False,False,815,False,8850,1916,0,7,1,225,144000
0.0,True,7,5,True,False,1212,False,9100,2001,0,6,2,573,178000
51.0,True,4,5,False,False,504,False,11235,1963,547,6,2,459,148000
0.0,False,4,5,False,False,864,False,9353,1970,0,5,1,280,116050
0.0,True,7,5,False,False,866,False,10400,1998,0,6,2,546,197900
0.0,True,5,8,False,False,884,False,6000,1925,0,5,1,216,117000
171.0,True,7,5,True,False,1630,False,9750,2000,0,6,2,451,213000
0.0,True,5,6,False,False,268,False,10140,1975,788,6,2,495,153500
234.0,True,7,7,True,False,1496,False,14684,1990,485,7,3,701,271900
0.0,True,4,4,False,False,0,False,8900,1966,1056,5,1,384,107000
120.0,True,6,5,True,False,1342,False,9135,2003,340,7,2,544,200000
0.0,True,5,7,False,False,319,False,7763,1962,504,6,2,506,140000
420.0,False,8,5,True,False,440,False,10182,2006,1220,8,2,500,290000
0.0,True,6,5,True,False,1055,False,11218,1992,0,8,2,462,189000
0.0,True,8,7,True,False,132,False,12134,1988,427,8,2,492,164000
0.0,True,4,6,False,False,328,False,9340,1941,344,4,1,234,113000
0.0,True,4,9,False,False,0,False,10246,1965,648,3,1,364,145000
0.0,True,5,5,False,False,141,False,10205,1962,784,6,1,300,134500
0.0,True,5,5,False,False,340,False,7094,1966,180,5,1,384,125000
0.0,True,6,5,False,False,0,False,8930,1978,0,8,2,539,112000
72.0,False,8,5,True,False,364,False,8640,2009,936,6,2,552,229456
0.0,True,4,5,False,False,0,False,6240,1947,0,3,0,0,80500
236.0,True,6,5,False,False,672,False,1680,1971,0,7,0,0,91500
0.0,True,5,5,False,False,0,False,7800,1964,312,5,1,288,115000
0.0,True,5,5,False,False,210,False,8250,1968,250,5,1,322,134000
320.0,True,6,6,False,False,844,False,10496,1949,196,7,1,315,143000
44.0,True,5,3,False,False,1380,True,10680,1951,756,7,2,528,137900
0.0,True,7,5,True,False,64,False,15384,2004,724,8,2,388,184000
63.0,True,6,8,False,False,81,False,10482,1958,507,6,1,264,145000
74.0,True,6,5,True,False,894,False,14598,2007,0,9,3,668,214000
300.0,True,5,8,False,False,317,False,8872,1965,595,5,2,576,147000
766.0,False,9,5,False,False,162,False,8769,2008,1540,7,3,1052,367294
0.0,True,5,5,False,False,409,False,7910,1960,666,7,1,404,127000
1.0,True,5,5,False,False,652,False,18890,1977,498,12,2,600,190000
120.0,True,5,6,False,False,303,False,7728,1962,803,6,2,540,132500
0.0,True,4,5,False,False,0,False,9842,1962,0,6,2,462,101800
180.0,False,5,5,False,False,188,False,12160,1959,1000,6,2,531,142000
0.0,True,5,6,False,False,940,False,8525,1911,0,7,0,0,130000
0.0,True,5,5,False,False,747,False,13132,1914,0,9,1,180,138887
106.0,True,7,5,True,False,764,False,2628,2003,0,6,2,474,175500
0.0,True,7,5,True,False,847,False,12393,2004,0,8,2,434,195000
0.0,True,6,5,True,False,1141,False,13072,2005,0,6,2,484,142500
32.0,True,8,5,True,False,1048,False,9037,2006,428,6,2,472,265900
252.0,True,7,5,True,False,334,False,8158,2003,550,8,2,543,224900
0.0,False,7,6,True,False,1689,False,9849,2007,0,7,3,954,248328
81.0,True,7,6,False,False,0,False,10625,1974,885,6,2,528,170000
0.0,False,10,5,False,False,690,False,13891,2006,1386,7,3,850,465000
0.0,True,8,7,False,False,792,False,11435,1929,0,7,2,400,230000
74.0,True,6,7,False,False,585,False,12090,1984,0,7,2,477,178000
0.0,False,7,5,True,False,756,False,8125,2005,0,6,2,615,186500
335.0,True,6,5,False,False,473,False,12328,1976,539,6,3,888,169900
0.0,True,6,5,False,False,416,False,9600,1917,319,8,2,396,129500
0.0,True,5,7,False,False,246,False,7200,1950,534,6,1,276,119000
0.0,True,7,5,True,False,1045,False,11160,1968,1065,8,2,522,244000
163.0,True,7,5,True,False,1405,False,3136,2003,0,6,2,478,171750
0.0,True,5,6,False,False,354,False,9858,1968,510,5,1,288,130000
0.0,True,7,7,True,False,36,True,17542,1974,125,9,2,518,294000
92.0,True,7,5,True,False,746,False,6931,2003,0,7,2,397,165400
0.0,True,6,6,False,False,459,True,6240,1931,425,6,1,560,127500
554.0,True,8,5,True,False,672,False,14303,1994,1314,7,2,691,301500
0.0,True,5,8,False,False,864,False,4060,1922,0,4,0,0,99900
182.0,True,7,5,True,False,201,False,9587,2005,655,5,2,400,190000
0.0,True,6,8,False,False,14,False,9750,1969,602,6,2,460,151000
0.0,True,6,5,False,False,841,False,24682,1999,0,7,2,502,181000
0.0,True,5,6,False,False,546,False,9600,1956,504,5,1,338,128900
0.0,True,4,5,False,False,1104,False,11250,1957,0,8,1,304,161500
0.0,True,6,6,False,False,764,False,13515,1919,0,8,2,520,180500
0.0,False,6,5,True,False,1139,False,4060,1998,266,5,2,511,181000
218.0,True,7,5,True,False,241,False,3735,1999,450,6,2,506,183900
0.0,True,7,4,False,False,925,False,10120,1910,0,9,1,308,122000
0.0,True,9,5,False,False,2002,False,13214,2008,0,10,3,746,378500
632.0,True,8,9,False,False,536,False,14100,1935,192,11,3,1014,381000
180.0,True,5,5,False,False,414,False,11344,1958,460,7,1,315,144000
0.0,True,7,6,True,False,74,False,23595,1979,1258,4,2,586,260000
0.0,True,6,7,False,False,1489,False,9156,1968,0,7,2,462,185750
114.0,True,5,6,False,False,0,False,13526,1965,560,5,1,288,137000
84.0,True,6,7,False,False,300,False,11512,1959,719,5,1,312,177000
0.0,True,5,6,False,False,661,False,5362,1910,0,8,2,552,139000
567.0,True,5,5,False,False,708,False,11345,1948,220,10,2,400,137000
0.0,True,6,6,False,False,130,False,12936,1972,593,6,2,497,162000
359.0,True,6,5,False,False,1152,False,17871,1967,528,7,2,480,197900
0.0,True,8,5,True,False,324,False,9473,2002,804,7,2,577,237000
0.0,False,4,4,False,False,698,False,7500,1920,0,6,2,528,68400
110.0,True,7,5,True,False,785,False,9808,2002,788,6,2,544,227000
54.0,True,7,5,False,False,256,False,8049,1990,1053,6,2,484,180000
0.0,True,5,7,False,False,364,True,8800,1977,532,5,2,484,150500
0.0,True,6,5,False,False,912,False,9400,1971,0,8,0,0,139000
0.0,True,6,7,False,False,804,False,9638,1919,0,10,1,336,169000
0.0,True,6,6,False,True,780,False,6000,1939,0,6,1,280,132500
451.0,True,6,5,False,False,678,False,9790,1963,569,6,2,528,143000
621.0,True,5,5,False,False,812,False,36500,1964,812,7,2,390,190000
0.0,True,8,5,True,False,343,False,5664,2000,1158,5,2,499,278000
788.0,False,8,5,True,False,1085,False,11065,2006,0,8,3,753,281000
86.0,True,5,7,False,False,138,False,14112,1964,1014,6,2,484,180500
268.0,True,5,7,False,False,399,False,1680,1972,231,6,1,264,119500
0.0,True,5,4,False,False,994,False,6600,1892,0,11,1,432,107500
0.0,True,7,5,False,False,638,False,10140,1976,194,8,2,528,162900
0.0,True,5,7,False,False,697,False,8172,1955,167,5,2,572,115000
168.0,True,5,5,False,False,36,False,8400,1968,1016,5,1,288,138500
148.0,True,5,6,False,False,344,False,8700,1963,776,6,2,525,155000
82.0,False,6,5,False,False,0,False,3675,2005,547,5,2,525,140000
796.0,False,10,5,False,False,466,False,63887,2008,5644,12,2,1418,160000
0.0,True,5,7,False,False,0,True,7500,1959,340,6,1,305,154000
344.0,True,7,5,True,False,284,False,10762,1999,694,9,2,490,225000
0.0,True,6,7,False,False,224,False,7500,1942,547,7,1,213,177500
391.0,True,8,5,True,False,425,False,10120,1994,740,8,3,844,290000
228.0,True,7,5,True,False,1616,False,8688,2005,0,7,3,834,232000
117.0,True,7,5,True,False,976,False,3363,2004,0,7,2,380,130000
300.0,True,9,5,True,False,80,False,13173,2006,1572,6,2,840,325000
94.0,False,7,5,True,False,1368,False,6955,2005,0,6,2,474,202500
0.0,True,5,5,False,False,244,False,8072,1994,746,5,2,480,138000
0.0,True,5,7,False,False,172,False,12000,1948,144,6,2,528,147000
88.0,True,6,5,False,False,78,False,7153,1991,1200,6,2,496,179200
0.0,True,7,8,True,False,496,False,17500,1959,1406,7,2,567,335000
80.0,False,7,5,True,False,349,False,8814,2005,925,6,2,508,203000
336.0,True,8,5,True,False,971,False,9572,1990,482,9,2,750,302000
165.0,True,9,5,True,False,1393,False,14774,1999,0,10,3,779,333168
0.0,True,4,6,False,False,216,False,8190,1954,732,5,1,280,119000
0.0,True,6,5,False,False,176,False,11075,1969,500,9,2,576,206900
270.0,True,8,5,True,False,1622,False,10226,2008,0,8,3,860,295493
0.0,False,7,5,True,False,1352,False,4230,2006,0,5,2,466,208900
178.0,True,8,5,True,False,1753,False,14781,2001,0,7,3,748,275000
132.0,True,4,5,False,False,372,False,10215,1954,492,5,1,248,111000
0.0,True,6,3,False,False,628,False,8400,1957,189,6,2,442,156500
0.0,True,3,6,False,False,0,False,6627,1949,0,4,1,287,72500
0.0,True,7,5,True,False,76,False,10186,1992,674,8,2,564,190000
0.0,True,4,7,False,False,140,True,5330,1940,280,5,0,0,82500
428.0,False,8,5,True,False,1795,False,9986,2006,0,7,3,895,147000
0.0,True,4,4,False,False,796,False,3636,1922,0,5,0,0,55000
0.0,True,3,6,False,False,0,False,4270,1931,544,6,0,0,79000
0.0,True,5,9,True,False,175,False,6600,1982,641,5,1,264,130500
0.0,True,6,7,True,False,1017,True,10440,1920,493,8,2,520,256000
0.0,True,7,5,False,False,935,False,9084,1998,0,8,2,462,176500
410.0,True,8,5,True,False,1588,False,10000,2006,0,7,3,825,227000
0.0,True,5,5,False,False,428,False,10780,1976,483,6,2,576,132500
0.0,True,4,6,False,False,126,False,8877,1938,690,3,1,288,100000
0.0,True,5,6,False,False,803,False,7200,1938,0,6,1,297,125500
312.0,True,5,6,False,False,0,True,2368,1970,765,7,2,440,125000
360.0,True,6,5,False,False,664,False,9650,1977,686,6,2,630,167900
564.0,True,5,5,False,False,1656,False,9246,1973,0,8,2,506,135000
0.0,True,4,4,False,False,693,False,4118,1941,0,4,0,0,52500
0.0,True,7,5,True,False,216,False,13450,2002,700,8,2,492,200000
0.0,True,5,7,False,False,504,False,9560,1972,360,5,1,288,128500
0.0,True,4,5,False,False,858,False,8294,1971,0,5,4,480,123000
0.0,True,6,5,False,False,300,False,13695,2003,814,6,2,576,155000
149.0,True,8,5,True,False,1284,False,9375,2002,0,7,2,647,228500
0.0,True,6,6,False,False,896,False,7558,1928,0,9,2,342,177000
0.0,False,7,5,True,False,728,False,11103,2006,0,8,2,440,155835
0.0,True,4,4,False,False,710,False,6000,1920,250,5,1,308,108500
0.0,True,7,7,False,False,1203,False,20781,1968,297,9,2,508,262500
100.0,False,8,5,True,False,1652,False,15306,2006,80,7,3,712,283463
0.0,True,7,5,True,False,39,False,16196,1998,1443,5,2,514,215000
0.0,True,8,5,False,False,425,True,5250,1872,259,8,0,0,122000
368.0,True,5,5,False,False,748,True,11643,1969,500,12,4,968,200000
318.0,True,6,6,False,False,539,False,9247,1962,319,8,2,490,171000
0.0,True,6,9,True,False,698,False,6000,1937,0,4,2,624,134900
579.0,True,8,5,True,False,1217,False,14720,1995,816,9,3,666,410000
0.0,True,7,5,True,False,257,False,10316,2000,735,7,3,839,235000
143.0,True,7,6,False,False,570,False,10192,1968,0,8,2,487,170000
65.0,True,5,5,False,False,524,False,9477,1966,340,5,1,264,110000
0.0,True,5,6,False,False,344,False,12537,1971,734,6,2,500,149900
216.0,True,6,5,True,False,378,False,2117,2000,378,5,2,440,177500
66.0,True,9,5,True,False,533,False,16737,2004,1447,8,3,770,315000
0.0,True,5,6,False,False,612,False,9842,1921,0,8,2,621,189000
16.0,True,7,5,True,False,256,False,16158,2005,1274,7,2,430,260000
0.0,True,4,4,False,False,715,False,12513,1920,0,7,1,368,104900
0.0,False,6,5,False,False,616,False,8499,2006,0,6,2,432,156932
0.0,True,7,5,True,False,600,False,3180,2005,0,4,2,480,144152
0.0,True,7,5,True,False,281,False,7500,2000,533,7,2,663,216000
158.0,True,7,5,True,False,240,False,9179,1999,633,7,2,588,193000
0.0,True,5,6,False,False,36,False,2665,1977,548,6,1,336,127000
170.0,True,6,5,True,False,163,False,4435,2003,685,4,2,420,144000
171.0,True,8,5,True,False,315,False,10635,2003,370,8,2,502,232000
0.0,True,4,6,False,False,420,False,5400,1920,315,6,1,338,105000
0.0,True,6,6,False,False,161,False,9600,1955,831,8,1,377,165500
0.0,True,7,6,False,False,133,False,9750,1998,975,8,2,583,274300
705.0,True,10,5,False,False,1351,False,11400,2001,1282,8,3,804,466500
0.0,True,7,5,True,False,1026,False,10625,2005,0,9,3,936,250000
80.0,False,8,5,True,False,1571,False,10991,2007,0,7,3,722,239000
0.0,True,6,5,False,False,384,False,6292,1930,384,4,1,160,91000
0.0,True,5,5,False,False,156,True,10998,1941,408,6,2,660,117000
408.0,True,6,5,False,False,174,False,1953,1973,309,5,1,264,83000
0.0,True,5,5,False,False,384,False,9735,2006,0,7,2,400,167500
0.0,True,3,3,False,True,661,False,8212,1914,203,5,1,200,58500
0.0,True,6,7,False,False,340,False,12925,1970,865,7,2,550,237500
0.0,True,7,7,False,False,596,False,7200,1920,0,8,2,576,157000
0.0,True,5,7,False,False,816,False,25339,1918,0,7,2,576,112000
0.0,True,6,5,False,False,356,False,9060,1939,204,6,1,280,105000
0.0,True,4,8,False,False,61,False,5436,1922,735,7,1,240,125500
184.0,True,7,5,False,False,133,False,16692,1978,790,12,2,564,250000
0.0,False,6,7,False,False,0,False,8520,1916,168,10,1,216,136000
160.0,True,9,5,False,False,426,False,14892,2006,1320,7,3,758,377500
0.0,True,6,6,False,False,360,False,6000,1941,375,6,2,440,131000
244.0,True,7,5,True,False,125,False,9100,2000,1400,6,2,541,235000
0.0,True,5,5,False,False,1584,False,8944,1967,0,8,3,792,124000
0.0,True,5,5,False,False,95,False,7838,1967,769,6,1,288,123000
0.0,True,6,7,False,False,482,False,10800,1905,0,7,2,672,163000
45.0,False,7,5,True,False,286,False,4045,2006,1070,6,3,648,246578
245.0,True,8,5,True,False,1094,False,12665,2005,0,9,3,642,281213
0.0,True,5,5,False,False,60,False,57200,1948,353,7,2,572,160000
0.0,True,5,8,False,False,939,False,6120,1920,0,8,1,180,137500
0.0,True,5,4,False,False,676,False,7200,1950,180,7,1,240,138000
0.0,True,6,6,False,False,712,False,6171,1925,264,7,1,216,137450
0.0,True,6,7,False,False,862,False,6000,1929,0,5,1,208,120000
0.0,True,6,5,False,False,80,False,7415,2004,759,8,2,398,193000
0.0,False,7,5,True,False,1286,False,6762,2006,0,6,2,662,193879
84.0,True,8,5,True,False,556,False,15256,2007,929,6,3,754,282922
0.0,True,3,4,False,False,672,False,10410,1915,0,6,3,936,105000
174.0,True,8,5,True,False,221,False,3842,2004,1373,5,2,482,275000
0.0,True,5,7,False,False,112,False,8445,1972,656,5,2,396,133000
0.0,True,5,5,False,False,208,False,8780,1985,625,5,0,0,112000
0.0,True,4,7,False,False,622,False,7740,1910,0,6,2,528,125500
123.0,True,7,6,False,False,791,False,20544,1986,0,7,2,542,215000
0.0,True,7,5,True,False,278,False,12420,2001,666,6,2,622,230000
0.0,True,6,8,False,False,736,False,9600,1950,120,6,1,271,140000
0.0,True,4,5,False,False,0,False,7200,1949,0,6,2,420,90000
366.0,False,8,5,True,False,868,False,10994,2005,976,7,2,620,257000
0.0,True,6,7,False,False,833,False,13053,1923,0,8,2,370,207000
130.0,True,7,5,True,False,398,False,3635,2007,988,7,3,660,175900
0.0,True,4,6,False,False,777,False,11340,1885,0,11,2,560,122500
731.0,True,8,5,True,False,503,False,16545,1998,781,7,3,1069,340000
0.0,False,5,5,False,False,247,False,9204,1963,25,6,1,336,124000
312.0,True,6,5,True,False,734,False,16381,1969,1110,7,2,540,223000
420.0,True,6,6,False,False,304,False,11700,1968,404,7,2,776,179900
0.0,True,6,5,False,False,709,False,4043,1977,360,4,2,440,127500
170.0,True,6,5,True,False,162,False,4435,2003,686,3,2,420,136500
0.0,True,6,7,True,False,697,False,19690,1966,0,8,2,432,274970
0.0,True,5,5,False,False,193,False,9503,1958,457,6,1,484,144000
243.0,True,6,6,True,False,1252,False,10721,1959,0,7,2,528,142000
448.0,True,7,5,True,False,223,False,10944,1994,1000,5,2,525,271000
0.0,True,5,6,False,False,333,False,10930,1945,580,6,1,288,140000
294.0,True,5,7,False,False,278,False,7200,1940,510,4,1,240,119000
310.0,True,6,7,True,False,762,False,12546,1981,678,7,2,467,182900
0.0,True,5,5,True,False,732,False,21930,2005,0,7,2,372,192140
0.0,True,6,6,False,False,0,True,4928,1976,958,5,2,440,143750
0.0,True,4,6,False,False,656,False,10800,1927,0,5,1,216,64500
318.0,True,6,5,False,False,936,False,10261,2000,0,8,2,451,186500
0.0,True,5,5,False,False,190,False,17400,1977,936,5,2,484,160000
237.0,False,6,9,True,False,1319,False,8400,1962,0,7,2,462,174000
0.0,True,4,6,False,False,248,False,9000,1971,616,5,2,528,120500
426.0,False,8,5,False,False,596,False,12444,2008,1336,7,3,774,394617
0.0,True,6,7,False,False,312,False,7407,1957,600,6,2,923,149700
96.0,True,7,6,False,False,114,False,11584,1979,315,6,2,550,197000
0.0,True,6,7,False,False,588,False,11526,1922,0,11,2,672,191000
147.0,True,6,5,True,False,151,False,4426,2004,697,3,2,420,149300
160.0,True,10,5,False,False,252,False,11003,2008,765,10,3,812,310000
0.0,True,6,6,False,False,952,False,8854,1916,0,4,1,192,121000
106.0,True,7,5,True,False,1422,False,8500,2004,0,7,2,626,179600
0.0,True,6,5,False,False,0,True,8400,1966,187,6,1,240,129000
189.0,True,5,7,False,False,595,False,26142,1962,593,6,1,312,157900
438.0,True,8,5,True,False,141,False,10000,1995,1079,8,2,556,240000
0.0,True,4,7,False,False,560,False,11767,1910,0,6,1,384,112000
0.0,True,5,7,False,False,77,False,1533,1970,553,3,0,0,92000
0.0,True,5,5,False,False,896,False,9000,1974,0,8,0,0,136000
194.0,False,8,5,True,False,1573,False,9262,2008,0,7,3,840,287090
80.0,True,5,5,False,False,0,False,3675,2005,547,5,2,525,145000
0.0,True,5,5,False,False,1140,False,17217,2006,0,6,0,0,84500
0.0,True,7,5,True,False,811,False,7500,2004,410,6,2,400,185000
0.0,True,6,5,False,False,953,False,7917,1999,0,7,2,460,175000
119.0,True,6,6,False,False,589,False,13175,1978,790,7,2,500,210000
0.0,True,7,9,False,False,877,False,9042,1941,275,9,1,252,266500
0.0,True,5,6,False,False,0,False,9717,1950,49,5,1,240,142125
0.0,True,5,6,True,False,136,False,9937,1965,830,6,1,276,147500
